氏名,氏名（ひらがな）,氏名（ローマ字）,年齢,生年月日,性別,血液型,メールアドレス,電話番号,携帯電話番号,郵便番号,住所,会社名
上田 豪,うえだ たけし,Ueda Go,72,1949年05月28日,男,A,ueda_go@example.org,0565-50-4002,050-6020-9936,467-7783,愛知県刈谷市新富町1-3-19,
関 靖人,せき やすひと,Seki Yasuhito,26,1995年07月24日,男,B,seki724@example.net,03-5501-7080,090-3555-3119,202-4447,東京都渋谷区恵比寿4丁目3番地8号,
武田 宏美,たけだ ひろみ,Takeda Hiromi,26,1995年04月07日,女,AB,takeda47@example.net,0142-10-9792,080-9837-9166,002-6405,北海道登別市中央町2-1-4,有限会社石川
三好 千鶴,みよし ちづる,Miyoshi Chizuru,35,1986年01月25日,女,A,miyoshi_chizuru@example.jp,0735-55-3356,090-7963-5287,514-7299,三重県鈴鹿市若松西4丁目3番地6号,有限会社加藤工業
川原 邦雄,かわはら くにお,Kawahara Kunio,43,1978年08月29日,男,O,kunio_kawahara@example.co.jp,03-2444-1202,050-3321-0681,109-9811,東京都台東区千束2-5-17,株式会社グロー
中川 玄,なかがわ げん,Nakagawa Gen,23,1998年07月22日,男,A,nakagawagen@example.co.jp,06-9140-3318,080-6249-9290,572-1689,大阪府池田市神田3丁目3番地5号,有限会社前田建設
神山 潤,かみやま じゆん,Kamiyama Jun,68,1953年11月30日,男,B,jun_kamiyama@example.net,03-5669-6903,050-5996-1924,204-5099,東京都杉並区永福4丁目2番3号,
新谷 芳博,しんたに よしひろ,Shintani Yoshihiro,35,1986年08月06日,男,A,shintaniyoshihiro@example.jp,03-7919-1520,070-1829-0945,144-2793,東京都中野区本町3丁目2番地6号,有限会社佐藤興業
長谷川 晃,はせがわ あきら,Hasegawa Akira,79,1942年01月11日,男,B,hasegawa_111@example.jp,0439-48-5246,090-6230-8621,262-4130,千葉県市川市行徳駅前1-5-20,
鈴木 将司,すずき しょうじ,Suzuki Masashi,42,1979年12月19日,男,O,masashi_suzuki@example.jp,0898-12-9999,050-0502-6423,796-5291,愛媛県松山市東野3丁目3番地3号,有限会社アクロス
榎本 武,えのもと たける,Enomoto Takeshi,25,1996年10月12日,男,A,enomoto1012@example.jp,03-7927-6769,080-6702-3535,194-1489,東京都中央区築地1丁目1番7号,株式会社アヴァンティ
櫻井 昌明,さくらい まさあき,Sakurai Masaaki,55,1966年12月26日,男,B,masaakisakurai@example.com,0463-74-4676,070-6036-4206,224-4251,神奈川県逗子市沼間1-5-16,株式会社スプラウト
有馬 綾,ありま あや,Arima Aya,52,1969年12月19日,女,B,arima1219@example.net,0761-05-5649,090-4181-5809,926-2939,石川県金沢市八日市3-3-14,株式会社テクノス
小池 昇平,こいけ しょうへい,Koike Shohei,79,1942年08月26日,男,O,koike_826@example.net,03-0426-4792,070-0558-8676,104-3431,東京都品川区上大崎3-5-14,
木島 進,きじま すすむ,Kijima Susumu,54,1967年07月16日,男,O,kijima_susumu@example.co.jp,0952-40-7894,090-2916-4532,843-0568,佐賀県佐賀市兵庫北4丁目2番3号,株式会社キタムラ
鎌田 緑,かまた みどり,Kamata Midori,31,1990年12月31日,女,A,kamatamidori@example.jp,03-7021-8275,070-3226-1278,205-9551,東京都台東区台東2丁目2番3号,株式会社丸福
轟 直人,とどろき なおと,Todoroki Naoto,71,1950年03月04日,男,O,todoroki_naoto@example.ne.jp,03-7232-5170,080-8801-6806,149-7783,東京都練馬区土支田1-4-1207,
小林 かおり,こばやし かおり,Kobayashi Kaori,37,1984年12月29日,女,B,kobayashi1229@example.jp,0494-44-5031,080-3174-8419,358-7491,埼玉県さいたま市浦和区瀬ヶ崎2-1-8,有限会社小川商店
高野 一真,たかの かずま,Takano Kazuma,29,1992年02月09日,男,O,takanokazuma@example.net,0465-01-6492,070-4162-1936,235-5195,神奈川県厚木市鳶尾1丁目1番7号,株式会社豊和
岩下 理恵,いわした りえ,Iwashita Rie,49,1972年09月11日,女,A,iwashitarie@example.com,046-641-1704,080-0132-1424,222-7264,神奈川県横浜市港北区綱島東4丁目3番地9号,有限会社コヤマ
森田 誠,もりた まこと,Morita Makoto,35,1986年12月14日,男,O,morita_1214@example.com,0460-17-3058,080-7847-0144,237-9810,神奈川県川崎市麻生区片平3-4-12,有限会社マルショウ
金沢 利明,かなざわ としあき,Kanazawa Toshiaki,29,1992年05月27日,男,O,toshiaki_kanazawa@example.com,0823-42-6730,090-7593-5078,734-2784,広島県福山市沖野上町2-3-16,有限会社佐藤商店
小野 浩二,おの こうじ,Ono Koji,44,1977年08月08日,男,B,ono_88@example.co.jp,03-2904-2509,080-0782-3072,209-5315,東京都東村山市恩多町1-5-21,有限会社藤和
池田 悟,いけだ さとる,Ikeda Satoru,48,1973年04月29日,男,O,ikeda429@example.co.jp,06-5048-2402,050-1654-1384,539-1513,大阪府大阪市北区中之島4丁目3番8号,有限会社栄進
高橋 きよし,たかはし きよし,Takahashi Kiyoshi,61,1960年10月28日,男,O,kiyoshi_takahashi@example.com,06-7161-6230,080-1888-9395,533-6594,大阪府大阪市淀川区西中島1-2-6,
宮城 孝一郎,みやぎ こういちろう,Miyagi Koichiro,58,1963年09月10日,男,A,miyagikoichiro@example.ne.jp,027-777-1341,050-3047-1263,374-9365,群馬県前橋市西片貝町3丁目3番7号,株式会社ハヤカワ
飯田 洋一郎,いいだ とういちろう,Iida Yoichiro,34,1987年12月04日,男,A,iida_124@example.ne.jp,0893-34-8647,090-4439-0128,799-9957,愛媛県今治市喜田村1-2-401,有限会社山田商事
秋山 宏司,あきやま あつし,Akiyama Koji,52,1969年08月20日,男,A,akiyama_820@example.co.jp,03-8268-2199,050-1721-6528,130-7915,東京都港区高輪4丁目2番10号,株式会社ワイテック
三田 美帆,みた みほ,Mita Miho,72,1949年03月11日,女,O,mita_311@example.net,0436-56-9394,050-8489-4149,284-1577,千葉県市川市南行徳1-4-15,
黒川 一久,くろかわ かずひさ,Kurokawa Kazuhisa,76,1945年06月02日,男,O,kurokawa_62@example.co.jp,06-7495-7485,070-7487-0331,588-1904,大阪府摂津市千里丘東1-3-12,
小川 葉子,おがわ ようこ,Ogawa Yoko,37,1984年08月30日,女,A,yokoogawa@example.ne.jp,049-410-9307,080-2526-6302,352-8884,埼玉県朝霞市宮戸3-4-21,株式会社田中製作所
川端 尚子,かわばた なおこ,Kawabata Naoko,31,1990年05月24日,女,A,kawabata_524@example.org,0940-12-6586,070-2337-9618,803-6589,福岡県福岡市東区馬出2-5-15,株式会社加藤
高谷 祐太,たかや ゆうた,Takaya Yuta,68,1953年08月27日,男,O,takaya827@example.org,042-336-4834,070-7253-8119,354-8272,埼玉県北足立郡伊奈町中央3丁目1番地10号,
塙 麗,はなわ れい,Hanawa Rei,65,1956年08月16日,女,AB,reihanawa@example.net,027-787-1056,090-9391-4570,375-2640,群馬県前橋市千代田町2丁目2番5号,
新谷 賢司,しんたに けんじ,Shintani Kenji,62,1959年05月03日,男,B,shintani_53@example.net,0256-49-7160,090-2069-6551,958-5268,新潟県三条市西四日町2-2-12,
生駒 淳,いこま じゅん,Ikoma Jun,80,1941年03月16日,男,O,ikomajun@example.net,01586-3-8729,050-5666-5434,083-4204,北海道札幌市厚別区厚別中央二条2-5-5,
林 惠子,はやし けいこ,Hayashi Keiko,33,1988年07月29日,女,B,keikohayashi@example.net,03-4597-2716,090-2486-5832,209-4700,東京都板橋区常盤台1丁目3番5号,株式会社エイコー
菊池 正太郎,きくち しょうたろう,Kikuchi Shotaro,70,1951年07月18日,男,A,kikuchi_shotaro@example.net,0172-97-0215,050-1341-7913,032-5850,青森県三戸郡階上町蒼前東3-2-4,
内田 明彦,うちだ あきひこ,Uchida Akihiko,58,1963年12月02日,男,A,uchida122@example.net,0533-75-2753,080-3149-1370,440-7082,愛知県春日井市白山町3丁目2番8号,株式会社アイズ
嶋田 由子,しまだ ゆうこ,Shimada Yuko,69,1952年07月27日,女,A,shimada_yuko@example.co.jp,084-090-3318,070-9296-7383,722-2569,広島県三次市十日市東1丁目3番9号,
堀口 寛仁,ほりぐち ひろひと,Horiguchi Hirohito,51,1970年09月28日,男,AB,hirohito_horiguchi@example.ne.jp,01632-7-9798,090-1880-1333,057-3624,北海道札幌市東区北四十三条東3-2-6,株式会社エイブル
山田 剛史,やまだ たけし,Yamada Takeshi,27,1994年09月16日,男,A,yamada_takeshi@example.jp,0153-80-7300,080-0619-2630,081-5771,北海道札幌市東区伏古八条3-5-8,
森 将史,もり まさし,Mori Masashi,25,1996年08月23日,男,A,mori_823@example.co.jp,084-422-3780,080-8434-2906,733-2972,広島県広島市安佐南区安東1-4-602,株式会社いろは
岡嶋 恭子,おかじま きょうこ,Okajima Kyoko,55,1966年05月14日,女,A,kyokookajima@example.net,06-2476-3399,070-4637-3206,565-1778,大阪府大阪市北区西天満2-5-16,有限会社サンライズ
加藤 敏洋,かとう としひろ,Kato Toshihiro,58,1963年04月17日,男,A,toshihirokato@example.org,06-8042-4242,070-4115-4959,571-0524,大阪府大阪市淀川区西中島4丁目1番地7号,株式会社大貴
遠藤 功,えんどう いさお,Endo Isao,55,1966年12月30日,男,A,endo1230@example.jp,044-855-6503,080-8877-0718,249-6285,神奈川県藤沢市湘南台2-1-10,有限会社アムール
潮田 晃一,うしおだ こういち,Ushioda Koichi,60,1961年11月01日,男,A,ushioda111@example.com,03-7028-3133,080-4570-6786,190-4243,東京都中野区本町1-4-603,
昆野 広之,こんの ひろゆき,Konno Hiroyuki,47,1974年12月14日,男,B,konnohiroyuki@example.org,0586-76-6130,090-8195-4754,451-6612,愛知県名古屋市中川区山王3-1-3,有限会社プラス・ワン
伊藤 幸一,いとう こういち,Ito Koichi,45,1976年10月20日,男,A,koichiito@example.jp,0478-73-0791,090-1757-7722,281-9067,千葉県市川市八幡1丁目3番6号,有限会社泉屋
関川 千夏,せきかわ ちなつ,Sekikawa Chinatsu,21,2000年02月16日,女,A,sekikawa_chinatsu@example.co.jp,0893-93-7730,090-3972-3998,792-0058,愛媛県松山市余戸東2-2-19,
田渕 和志,たぶち かずし,Tabuchi Kazushi,23,1998年10月10日,男,AB,tabuchikazushi@example.co.jp,03-6593-5082,080-1281-1906,205-2235,東京都台東区千束2-4-15,有限会社たなか
加藤 智子,かとう ともこ,Kato Tomoko,56,1965年04月17日,女,B,kato417@example.com,06-9241-8398,050-5285-6166,554-0218,大阪府大阪市北区天神橋3-1-17,株式会社武蔵
中村 誠,なかむら まこと,Nakamura Makoto,72,1949年10月16日,男,O,nakamuramakoto@example.jp,0778-78-9087,050-1667-8196,914-9616,福井県福井市大宮1-5-502,
園田 功太,そのだ こうた,Sonoda Kouta,77,1944年04月14日,男,O,sonoda_kouta@example.jp,03-2867-6887,090-1838-9204,123-2183,東京都板橋区板橋2-3-801,
渡邉 由香,わたなべ ゆか,Watanabe Yuka,61,1960年12月19日,女,B,watanabe_yuka@example.ne.jp,03-1065-2013,080-0306-2171,135-3785,東京都港区赤坂3-4-21,
佐藤 知典,さとう とものり,Sato Tomonori,78,1943年04月02日,男,A,sato_42@example.co.jp,03-8452-4320,080-8564-1496,147-0622,東京都台東区蔵前1-1-501,
近藤 克則,こんどう かつのり,Kondo Katsunori,59,1962年03月12日,男,A,katsunorikondo@example.jp,03-5040-7088,090-7137-6377,134-0364,東京都町田市原町田3丁目2番地4号,株式会社華
冨永 はるか,とみなが はるか,Tominaga Haruka,65,1956年07月20日,その他・不明,A,harukatominaga@example.org,06-5917-7346,080-8892-6988,559-2945,大阪府松原市東新町1丁目2番5号,
田村 敬士,たむら けいじ,Tamura Keiji,67,1954年11月27日,その他・不明,O,tamura1127@example.org,03-7008-0684,050-2635-4915,181-5092,東京都千代田区九段南2丁目1番10号,
三浦 朗,みうら ろう,Miura Akira,63,1958年05月02日,その他・不明,B,miura_akira@example.org,049-609-6895,090-0984-9626,336-6473,埼玉県草加市旭町2丁目1番3号,
岩下 慎治,いわした しんじ,Iwashita Shinji,72,1949年11月22日,男,O,iwashita1122@example.ne.jp,0259-23-1736,080-5301-8747,946-6179,新潟県三条市本町1丁目2番3号,
木下 薫,きのした かおる,Kinoshita Kaoru,49,1973年01月04日,男,A,kinoshita14@example.co.jp,044-267-9931,070-4373-6629,227-5268,神奈川県相模原市中央区相生3丁目1番地9号,株式会社シンエイ
栗原 範子,くりはら のりこ,Kurihara Noriko,45,1976年02月28日,女,O,kurihara_228@example.jp,03-4157-6969,080-9321-0376,165-6520,東京都中野区上高田2-1-107,株式会社TMC
遠藤 勲,えんどう いさお,Endo Isao,63,1958年06月07日,男,O,isao_endo@example.co.jp,0467-79-4829,050-9104-9670,251-2465,神奈川県鎌倉市由比ガ浜2-2-7,
村上 寿哉,むらかみ としや,Murakami Toshiya,40,1981年08月06日,男,A,murakami_86@example.co.jp,03-2941-5334,090-6835-7511,189-1152,東京都足立区東和3-5-802,株式会社ナカムラ
今井 明彦,いまい あきひこ,Imai Akihiko,25,1996年10月26日,男,O,akihiko_imai@example.jp,03-3012-9906,090-0882-7696,192-6787,東京都新宿区新宿1丁目3番10号,株式会社ジーク
大塚 由布子,おおつか ゆうこ,Otsuka Yuko,34,1987年06月07日,女,A,otsuka_yuko@example.com,03-7033-8245,070-2035-6416,138-9231,東京都東村山市恩多町1-5-21,有限会社みどりや
辻 江梨子,つじ えりこ,Tsuji Eriko,48,1973年09月28日,女,AB,tsuji_928@example.com,0257-92-2648,090-6921-3955,942-8086,新潟県新潟市東区山木戸4丁目3番地10号,
鈴木 雄哉,すずき ゆうや,Suzuki Yuya,51,1970年09月26日,男,O,suzukiyuya@example.org,0152-68-6479,070-9323-7579,091-9683,北海道札幌市手稲区新発寒四条3-2-204,有限会社リンクス
藤原 千恵子,ふじわら ちえこ,Fujiwara Chieko,49,1972年09月27日,女,A,fujiwarachieko@example.co.jp,047-220-3474,050-3122-1826,295-7540,千葉県市川市南行徳4丁目3番地10号,株式会社TKS
林 智子,はやし ともこ,Hayashi Tomoko,77,1944年07月02日,女,O,hayashi_tomoko@example.com,03-5933-2786,090-6932-7214,180-1725,東京都中央区日本橋本町2丁目3番6号,
石丸 真悠,いしまる まゆ,Ishimaru Mayu,32,1989年08月17日,女,A,ishimaru_mayu@example.co.jp,0797-20-7672,090-2001-1728,672-7842,兵庫県神戸市中央区国香通4丁目1番10号,株式会社マーキュリー
波部 芳弘,はべ よしひろ,Habe Yoshihiro,22,1999年01月06日,男,B,habeyoshihiro@example.ne.jp,03-0959-9262,070-4414-6240,170-7909,東京都港区港南3丁目1番4号,
村井 弘一,むらい こういち,Murai Koichi,30,1991年08月25日,男,O,murai_koichi@example.ne.jp,03-0358-7907,050-6310-7203,125-7088,東京都江戸川区春江町3丁目3番10号,株式会社ルーチェ
刈谷 政人,かりや まさと,Kariya Masato,62,1959年05月04日,男,A,kariya54@example.jp,03-2504-0927,080-0234-0781,147-4093,東京都狛江市中和泉2-1-8,
北岡 佳穂,きたおか かほ,Kitaoka Kaho,72,1949年12月24日,女,B,kitaokakaho@example.co.jp,03-3425-3789,080-0577-5226,121-6405,東京都中央区築地1丁目3番8号,
前田 竜太郎,まえだ りゅうたろう,Maeda Ryutaro,78,1943年10月08日,男,O,maeda108@example.jp,0280-39-3646,050-6427-5550,314-9887,茨城県日立市久慈町1丁目1番4号,
渕上 大祐,ふちがみ だいすけ,Fuchigami Daisuke,21,2000年12月30日,男,AB,fuchigamidaisuke@example.ne.jp,06-1394-6764,090-5217-1119,586-8263,大阪府守口市南寺方東通3-5-11,有限会社大信
戸田 彰太,とだ しょうた,Toda Shota,61,1960年04月08日,男,O,shotatoda@example.net,0889-82-8148,050-3482-2912,786-1212,高知県高知市本町2-4-6,
中山 信司,なかやま しんじ,Nakayama Shinji,25,1996年09月03日,男,B,nakayama_shinji@example.co.jp,03-3172-9658,050-7147-4320,163-4697,東京都小平市花小金井1-1-6,株式会社オリーブ
岩崎 勝彦,いわさき かつひこ,Iwasaki Katsuhiko,55,1966年07月14日,男,A,iwasaki_714@example.co.jp,0835-65-1440,070-8923-9687,755-2646,山口県下関市彦島江の浦町2-5-16,株式会社アルカディア
佐藤 邦彦,さとう くにひこ,Sato Kunihiko,59,1962年11月06日,男,A,sato116@example.com,06-9996-7638,090-6441-4464,588-1351,大阪府大阪市中央区久太郎町4丁目3番7号,株式会社タナカ
田中 拓,たなか たく,Tanaka Taku,76,1945年01月24日,男,B,tanaka_124@example.ne.jp,0598-37-2485,050-1491-9536,516-7119,三重県鈴鹿市高岡台2-2-804,
南 好美,みなみ よしみ,Minami Yoshimi,31,1990年11月24日,女,A,minami1124@example.com,06-5893-8267,070-9542-7456,539-8365,大阪府大阪市淀川区塚本4丁目3番4号,有限会社清水製作所
江口 毅,えぐち たかし,Eguchi Takeshi,74,1947年04月06日,男,B,takeshieguchi@example.com,044-294-7475,050-2391-5165,230-5011,神奈川県相模原市中央区上溝2-3-5,
清原 陽亮,きよはら ようすけ,Kiyohara Yosuke,48,1973年09月03日,男,O,yosukekiyohara@example.ne.jp,06-6326-0220,050-8304-9030,531-5423,大阪府大阪市東淀川区豊新4丁目1番地9号,株式会社東海
伊藤 茂,いとう しげる,Ito Shigeru,70,1951年11月10日,男,B,ito_1110@example.ne.jp,01648-8-1543,090-0499-2971,064-4959,北海道札幌市中央区南七条西1丁目2番地3号,
増田 久美子,ますだ くみこ,Masuda Kumiko,78,1943年04月21日,女,O,kumikomasuda@example.co.jp,0947-05-0324,080-6321-9222,839-6484,福岡県太宰府市宰府3丁目3番8号,
中島 理沙,なかじま りさ,Nakajima Risa,38,1983年07月29日,女,B,nakajimarisa@example.ne.jp,0123-32-4637,090-3703-1292,077-1819,北海道札幌市東区本町二条2丁目1番地6号,株式会社ライフプランニング
宮野 美紀,みやの みき,Miyano Miki,73,1948年01月31日,女,A,mikimiyano@example.co.jp,0470-66-6065,080-8271-4057,278-7991,千葉県浦安市北栄2-3-15,
堀井 和也,ほりい かずや,Horii Kazuya,64,1957年02月24日,男,A,horii224@example.co.jp,0949-08-0288,080-3441-4093,834-9645,福岡県福岡市南区老司1-1-106,
福原 伸一,ふくはら しんいち,Fukuhara Shinichi,67,1954年05月10日,男,B,fukuharashinichi@example.co.jp,03-3875-5374,080-5404-7738,109-2082,東京都練馬区石神井台1-3-17,
西野 春奈,にしの はるな,Nishino Haruna,32,1989年06月01日,女,A,harunanishino@example.jp,0799-63-6983,080-6623-4451,667-5411,兵庫県尼崎市西立花町3丁目3番7号,有限会社藤屋
野村 直人,のむら なおと,Nomura Naoto,24,1997年05月07日,男,AB,nomura_naoto@example.net,0460-09-6527,070-6329-2380,215-3486,神奈川県川崎市川崎区大島2-5-21,有限会社三和商事
丸山 和明,まるやま かずあき,Maruyama Kazuaki,68,1953年06月11日,男,A,maruyamakazuaki@example.co.jp,0466-31-4440,090-7267-7797,212-8167,神奈川県横浜市鶴見区駒岡3-4-8,
長野 幹,ながの かん,Nagano Miki,68,1953年11月06日,男,B,nagano116@example.co.jp,03-8904-7841,080-5280-4747,123-9419,東京都世田谷区太子堂4丁目2番地7号,
片岡 英明,かたおか ひであき,Kataoka Hideaki,23,1998年04月04日,男,A,kataoka_44@example.ne.jp,06-6102-0818,050-8011-6360,561-1999,大阪府大阪市東住吉区山坂3丁目3番地8号,
木村 太郎,きむら たろう,Kimura Taro,46,1975年07月25日,男,O,tarokimura@example.com,0476-91-0642,050-5145-1318,294-9968,千葉県船橋市西船3-1-18,有限会社ナック
飯塚 亮,いいづか りょう,Iizuka Ryo,31,1990年09月14日,男,A,iizuka_ryo@example.com,0220-61-4773,090-5442-3137,984-4092,宮城県名取市閖上1-2-13,有限会社サンエス
八幡 幸子,やはた さちこ,Yahata Sachiko,21,2000年06月09日,女,B,yahatasachiko@example.jp,03-7691-5438,090-8057-5552,160-3208,東京都豊島区長崎3-5-7,有限会社石川商事
清水 さゆり,しみず さゆり,Shimizu Sayuri,47,1974年11月17日,女,B,shimizusayuri@example.net,03-6157-0519,050-6726-8120,106-3349,東京都港区白金台1-5-22,株式会社ライフ
稲吉 真利子,いなよし まりこ,Inayoshi Mariko,54,1967年08月21日,女,AB,inayoshimariko@example.com,04-2517-2420,080-8628-8126,355-3884,埼玉県さいたま市北区宮原町1-5-1206,
辻 あゆみ,つじ あゆみ,Tsuji Ayumi,58,1963年03月24日,女,AB,tsuji_ayumi@example.net,06-2007-8547,070-9599-6151,552-0105,大阪府大阪市北区天満1-3-21,株式会社日栄
廣野 博昭,ひろの ひろあき,Hirono Hiroaki,46,1975年08月20日,男,B,hirono_820@example.ne.jp,0470-97-5522,050-3442-6160,298-7678,千葉県市川市堀之内3-4-15,株式会社ワコー
倉田 奈都子,くらた なつこ,Kurata Natsuko,37,1984年01月23日,女,B,natsuko_kurata@example.ne.jp,03-7995-5134,050-7454-9476,147-6277,東京都千代田区飯田橋4丁目2番地3号,株式会社エイト
宮里 正男,みやざと まさお,Miyazato Masao,28,1993年04月24日,男,O,masaomiyazato@example.jp,0475-28-4957,080-4946-7082,297-7834,千葉県市川市新田3-2-20,株式会社インターフェイス
辻本 朝子,つじもと ともこ,Tsujimoto Asako,51,1970年01月17日,女,O,tsujimoto_asako@example.net,0229-88-0384,080-1227-2949,986-2869,宮城県栗原市築館薬師2丁目2番地3号,有限会社佐藤製作所
山川 浩司,やまかわ ひろし,Yamakawa Koji,73,1948年11月17日,男,O,yamakawa1117@example.org,0973-40-4393,050-0202-1513,876-3612,大分県大分市岩田町3丁目2番7号,
清水 真知,しみず まち,Shimizu Machi,37,1984年01月24日,女,A,shimizu_124@example.org,0289-17-5637,090-8340-3092,321-5682,栃木県塩谷郡高根沢町光陽台2丁目3番6号,株式会社大昌
永瀬 賢二,ながせ けんじ,Nagase Kenji,31,1990年03月20日,男,A,kenji_nagase@example.co.jp,0531-04-0999,080-3779-1882,493-0247,愛知県名古屋市名東区一社3丁目1番5号,株式会社司
川島 光,かわしま ひかる,Kawashima Hikaru,55,1966年04月30日,男,O,kawashima430@example.ne.jp,0463-67-5187,080-1908-1297,247-2891,神奈川県横浜市都筑区東山田2-5-19,株式会社オネスト
鈴木 ひとみ,すずき ひとみ,Suzuki Hitomi,28,1994年01月04日,女,B,suzuki_hitomi@example.net,0767-64-6174,070-2652-9227,926-6942,石川県金沢市藤江北3丁目1番地4号,株式会社SSS
石川 由紀子,いしかわ ゆきこ,Ishikawa Yukiko,46,1975年03月05日,女,O,ishikawa35@example.jp,045-737-9391,050-1231-3098,247-0651,神奈川県座間市栗原中央4丁目1番地9号,有限会社グリーンライフ
品田 ゆたか,しなだ ゆたか,Shinada Yutaka,80,1941年10月02日,男,A,yutakashinada@example.net,0532-55-7553,090-3443-9733,456-4799,愛知県名古屋市北区楠味鋺3丁目3番地4号,
原 宏,はら ひろし,Hara Hiroshi,78,1943年04月10日,男,B,hiroshi_hara@example.ne.jp,03-6237-9017,090-9849-5307,170-9040,東京都立川市柏町3-2-507,
藤田 彩子,ふじた さいこ,Fujita Ayako,69,1952年04月02日,女,B,fujita_ayako@example.net,0466-42-7972,070-4235-2491,241-3712,神奈川県座間市入谷1-3-5,
小川 浩,おがわ ひろし,Ogawa Hiroshi,22,1999年11月19日,男,A,ogawa_1119@example.co.jp,0475-41-3976,070-8949-8877,261-6009,千葉県君津市北子安1-4-20,株式会社コヤマ
山本 淳,やまもと じゅん,Yamamoto Jun,36,1985年09月25日,男,O,junyamamoto@example.org,03-3901-2442,090-9102-6379,137-1816,東京都武蔵野市吉祥寺南町2-5-6,株式会社サンプラス
高塚 康雄,たかつか やすお,Takatsuka Yasuo,78,1943年02月12日,男,A,yasuotakatsuka@example.net,0475-74-5213,080-3724-7216,286-9506,千葉県成田市公津の杜3丁目1番6号,
佐藤 圭史,さとう よしふみ,Sato Keishi,35,1986年06月14日,男,AB,keishi_sato@example.co.jp,03-0142-0384,070-2512-2112,191-6487,東京都千代田区九段南2丁目1番10号,有限会社石井製作所
山内 陽子,やまうち ようこ,Yamauchi Yoko,27,1994年06月28日,女,A,yamauchiyoko@example.co.jp,0875-05-7549,090-1317-3225,761-4685,香川県観音寺市坂本町2-1-22,有限会社シマダ
安島 めぐみ,あじま めぐみ,Ajima Megumi,52,1969年08月17日,女,B,ajimamegumi@example.co.jp,03-2754-4787,070-0345-8180,204-0910,東京都中央区築地1-5-17,有限会社イマイ
冨樫 優佳,とがし ゆか,Togashi Yuka,23,1998年02月24日,女,A,yuka_togashi@example.net,044-320-0239,070-4473-5283,238-2515,神奈川県川崎市多摩区長尾3丁目2番地8号,株式会社エポック
山田 清和,やまだ きよかず,Yamada Kiyokazu,76,1945年04月02日,男,A,kiyokazuyamada@example.ne.jp,03-8279-8734,050-0275-0692,176-2321,東京都墨田区業平2-1-21,
萱島 孝美,かやしま たかみ,Kayashima Takami,48,1973年10月10日,その他・不明,A,kayashimatakami@example.jp,06-0477-8297,050-1377-7609,563-9613,大阪府東大阪市衣摺2-1-1106,株式会社ライフサポート
石崎 祐貴,いしざき ゆうき,Ishizaki Yuki,24,1997年08月08日,その他・不明,A,ishizaki88@example.ne.jp,06-9604-0455,090-3452-3249,536-3859,大阪府大阪市城東区諏訪2-5-8,株式会社クリエイション
福原 陽子,ふくはら ようこ,Fukuhara Yoko,61,1960年08月13日,女,A,fukuharayoko@example.jp,09802-6-3965,090-4720-5104,907-1507,沖縄県浦添市宮城1-4-1105,
櫻田 理子,さくらだ りこ,Sakurada Riko,50,1971年12月10日,女,O,sakurada1210@example.com,03-4632-4178,050-4795-1250,135-3365,東京都世田谷区駒沢1-4-302,株式会社サンワード
広瀬 妙子,ひろせ たえこ,Hirose Taeko,41,1980年02月11日,女,AB,hirose211@example.jp,0980-37-6663,070-7858-5349,907-7821,沖縄県浦添市勢理客1丁目1番3号,有限会社ファースト
新井 しょうこ,あらい しょうこ,Arai Shoko,42,1979年12月11日,女,O,arai_1211@example.jp,06-9037-6013,070-7830-6892,567-0747,大阪府松原市三宅西2-1-307,有限会社フォース
高島 賢治,たかしま けんじ,Takashima Kenji,34,1987年06月19日,男,A,kenjitakashima@example.com,0172-96-9024,070-0014-1129,038-7219,青森県弘前市大字桔梗野2-2-1004,株式会社中村工業
金子 明宏,かねこ あきひろ,Kaneko Akihiro,45,1977年01月03日,男,O,kaneko_13@example.jp,0536-84-6130,070-4628-2474,468-3335,愛知県名古屋市西区中小田井1-3-18,株式会社Y’s
小林 博,こばやし ひろし,Kobayashi Hiroshi,70,1951年03月17日,その他・不明,B,kobayashi317@example.com,0596-44-2581,050-9278-9785,518-6228,三重県鈴鹿市住吉3丁目2番地4号,
山口 詩織,やまぐち しおり,Yamaguchi Shiori,41,1980年11月09日,女,B,yamaguchishiori@example.jp,06-9855-8744,090-7033-5327,533-3606,大阪府大阪市淀川区東三国1-3-13,有限会社山崎
豊原 泰孝,とよはら やすたか,Toyohara Yasutaka,77,1944年08月01日,男,O,toyoharayasutaka@example.ne.jp,0254-03-8709,090-1208-2790,951-9757,新潟県新潟市西区坂井砂山3-2-1104,
小池 健介,こいけ けんすけ,Koike Kensuke,23,1998年12月08日,その他・不明,A,koikekensuke@example.co.jp,03-0255-7428,080-3530-4147,170-2211,東京都豊島区上池袋1-4-605,有限会社クレイン
小出 侑子,こいで ゆうこ,Koide Yuko,79,1942年03月08日,女,O,yukokoide@example.co.jp,03-2815-0570,050-6088-8093,205-3153,東京都足立区西新井3丁目2番7号,
鹿島 健治,かしま けんじ,Kashima Kenji,27,1994年11月10日,男,O,kashima_1110@example.jp,0495-64-3733,050-4024-0195,332-0323,埼玉県戸田市美女木4丁目3番7号,株式会社M＆T
稲垣 良子,いながき よしこ,Inagaki Ryoko,50,1971年05月16日,女,A,inagaki516@example.org,0478-97-4668,090-8067-8697,299-2049,千葉県市川市八幡1-4-5,株式会社ステラ
木村 達郎,きむら たつろう,Kimura Tatsuro,30,1991年06月21日,その他・不明,A,kimura_tatsuro@example.org,03-7229-8349,080-3182-8220,174-3473,東京都台東区千束3丁目2番3号,株式会社ノムラ
澁谷 亮太,しぶや りょうた,Shibuya Ryota,44,1977年12月20日,男,AB,shibuya_ryota@example.jp,03-0057-7780,070-5186-3410,173-6962,東京都足立区竹の塚1-2-1201,株式会社フジテック
吉村 正樹,よしむら まさき,Yoshimura Masaki,69,1952年04月16日,男,AB,masakiyoshimura@example.co.jp,0465-79-6527,070-0422-7870,216-9837,神奈川県横浜市磯子区洋光台2丁目3番地10号,
加藤 明子,かとう あきこ,Kato Akiko,42,1979年12月25日,女,A,akikokato@example.co.jp,03-5478-2700,090-5264-0533,152-4775,東京都港区西麻布2-1-13,有限会社興和
樫村 絵美,かしむら えみ,Kashimura Emi,63,1958年05月25日,その他・不明,B,kashimura525@example.com,06-1937-3176,050-3015-9480,530-8784,大阪府大阪市中央区南久宝寺町1-3-9,
天野 新一,あまの しんいち,Amano Shinichi,53,1968年11月07日,男,O,shinichi_amano@example.jp,03-9765-9129,050-7306-0439,150-5183,東京都西東京市ひばりが丘北3丁目2番5号,株式会社フェリーチェ
井桁 太一,いげた たいち,Igeta Taichi,39,1982年10月13日,男,B,taichi_igeta@example.net,0946-31-9426,080-8585-2633,839-9554,福岡県福津市若木台2丁目1番地10号,株式会社山本商店
吉永 明里,よしなが あかり,Yoshinaga Akari,69,1952年11月25日,女,B,yoshinaga1125@example.net,0867-31-7348,070-1960-3778,712-2983,岡山県岡山市北区東古松1-5-408,
阪部 剛,さかべ つよし,Sakabe Tsuyoshi,33,1988年06月22日,男,A,sakabe622@example.net,03-0110-5068,070-5541-2810,198-7757,東京都文京区小石川1-5-3,有限会社ブルーム
野村 桃子,のむら ももこ,Nomura Momoko,71,1950年12月18日,女,A,nomura_momoko@example.co.jp,03-5948-9950,050-0767-0022,165-0130,東京都江東区北砂3丁目1番地8号,
岩谷 大輔,いわたに だいすけ,Iwatani Daisuke,40,1981年05月27日,男,O,iwatani_daisuke@example.net,03-6509-9310,080-4314-5731,150-8954,東京都練馬区関町北1-5-8,有限会社ソフィア
中村 彩夏,なかむら あやか,Nakamura Ayaka,75,1946年07月20日,女,B,nakamura_ayaka@example.jp,0940-77-8486,080-5457-1210,835-5995,福岡県福岡市中央区平尾2-5-11,
藤沢 晴美,ふじさわ はるみ,Fujisawa Harumi,55,1966年05月09日,女,B,fujisawaharumi@example.net,04-4042-7501,090-6332-3968,364-1962,埼玉県越谷市弥栄町3-1-7,株式会社ストリーム
竹中 真司,たけなか しんじ,Takenaka Shinji,51,1970年11月27日,男,O,takenaka1127@example.net,06-5362-4504,090-6645-3376,551-1640,大阪府大阪市西区南堀江1-1-19,株式会社アシスト
大森 展弘,おおもり のぶひろ,Omori Nobuhiro,31,1990年08月18日,男,O,nobuhiroomori@example.org,03-4691-7986,090-7747-1168,104-0170,東京都江戸川区春江町1-1-3,株式会社ライフ
鈴木 正美,すずき まさみ,Suzuki Masami,78,1943年05月09日,女,O,suzuki59@example.ne.jp,03-8482-2200,070-3310-4397,114-6858,東京都目黒区目黒本町2-1-808,
島本 和重,しまもと かずしげ,Shimamoto Kazushige,49,1972年03月15日,男,B,shimamotokazushige@example.org,06-2637-9714,050-0432-7943,587-0460,大阪府大東市深野3-1-13,有限会社山本建設
堀 美由紀,ほり みゆき,Hori Miyuki,69,1952年06月20日,女,B,hori_miyuki@example.com,06-0462-3458,070-0086-8761,570-4469,大阪府箕面市半町2-2-1001,
佐々木 一成,ささき いっせい,Sasaki Kazunari,30,1991年04月28日,男,B,sasaki_428@example.net,0796-32-5062,050-3486-4025,650-9381,兵庫県姫路市安田3-5-16,
渡辺 遼,わたなべ りょう,Watanabe Ryo,69,1952年11月08日,男,O,watanaberyo@example.co.jp,0480-79-4014,090-5338-8504,352-2771,埼玉県八潮市八潮1-4-13,
永島 悠子,ながしま ゆうこ,Nagashima Yuko,71,1950年07月22日,女,O,nagashimayuko@example.net,03-4960-8002,050-5006-0468,190-5537,東京都江戸川区南小岩4丁目3番10号,
三宅 さやか,みやけ さやか,Miyake Sayaka,31,1990年02月18日,女,A,miyakesayaka@example.org,0463-58-0442,070-8920-5216,240-9588,神奈川県川崎市高津区末長4丁目3番10号,清水商事株式会社
千葉 るり子,ちば るりこ,Chiba Ruriko,69,1952年02月05日,女,O,ruriko_chiba@example.jp,03-0887-8236,050-7442-1405,119-9372,東京都新宿区新宿2-4-107,
菊地 敦,きくち あつし,Kikuchi Atsushi,41,1980年09月13日,男,O,kikuchiatsushi@example.com,03-3971-7412,090-2384-0391,121-2149,東京都杉並区南荻窪3-3-17,株式会社フルハウス
菅野 美里,かんの みさ,Kanno Misato,44,1977年02月14日,女,AB,kanno214@example.co.jp,0478-36-9685,070-4152-2451,292-7943,千葉県千葉市花見川区朝日ケ丘1-5-13,
小林 敏之,こばやし としゆき,Kobayashi Toshiyuki,24,1997年09月27日,男,B,kobayashi927@example.com,01654-9-1698,070-3670-1978,045-8449,北海道空知郡南幌町緑町1-3-17,株式会社グローリー
上原 有希子,うえはら ゆきこ,Uehara Yukiko,23,1998年08月26日,女,A,yukiko_uehara@example.ne.jp,0930-97-3294,090-5824-5577,808-9405,福岡県糸島市前原西3丁目2番5号,株式会社ベストワン
藤本 悟,ふじもと さとる,Fujimoto Satoru,75,1946年04月05日,男,O,fujimoto45@example.net,03-2623-5122,070-6188-4982,170-3845,東京都足立区千住2丁目3番6号,
白石 祐樹,しらいし ゆうき,Shiraishi Yuki,44,1977年02月23日,男,A,yukishiraishi@example.net,01656-1-2120,070-1768-6844,081-1929,北海道札幌市北区北七条西3-1-1108,株式会社あすか
橋本 加織,はしもと かおり,Hashimoto Kaori,45,1976年12月16日,女,O,kaori_hashimoto@example.net,0137-04-9572,090-3520-6545,084-7909,北海道札幌市豊平区美園七条3-4-107,株式会社TKS
菊地 彰,きくち あきら,Kikuchi Akira,66,1955年04月27日,男,O,kikuchiakira@example.jp,03-0043-7489,080-5331-2129,201-2942,東京都新宿区新宿2-1-1007,
中島 賢,なかじま けん,Nakajima Ken,49,1972年03月20日,その他・不明,A,nakajima_320@example.com,0270-94-5695,080-3415-6503,377-8441,群馬県前橋市若宮町2-1-6,有限会社斉藤製作所
磯田 悠,いそだ ひさし,Isoda Yu,45,1976年03月25日,男,O,yuisoda@example.co.jp,03-4432-3660,080-6319-3501,125-1348,東京都東久留米市本町3-5-402,株式会社エクセレント
齋藤 一徳,さいとう かずのり,Saito Kazunori,54,1967年09月20日,男,A,kazunori_saito@example.net,03-5751-6082,090-1492-9924,114-9008,東京都目黒区青葉台4丁目1番地3号,株式会社山和
砂田 真理子,すなだ まりこ,Sunada Mariko,67,1954年07月30日,女,O,mariko_sunada@example.jp,03-3437-0457,070-0001-4981,157-5018,東京都江東区豊洲2-3-6,
三上 紀夫,みかみ のりお,Mikami Norio,24,1997年06月13日,男,AB,mikami_norio@example.jp,06-0784-7576,080-2497-0548,565-1092,大阪府大阪市東淀川区小松2丁目2番地6号,有限会社山崎製作所
江口 克己,えぐち かつみ,Eguchi Katsumi,47,1974年11月13日,男,B,eguchi_katsumi@example.jp,06-1036-7816,090-9497-2065,537-3806,大阪府豊中市東豊中町2-3-3,株式会社メディックス
前田 優子,まえだ ゆうこ,Maeda Yuko,72,1949年12月27日,女,A,yuko_maeda@example.co.jp,0495-79-2956,080-0047-7666,340-6836,埼玉県川口市青木3丁目2番3号,
江間 祥子,えま しょうこ,Ema Shoko,50,1971年12月14日,女,O,ema1214@example.co.jp,0564-20-8344,070-9988-7151,475-6661,愛知県知立市東上重原3丁目1番4号,山本建設株式会社
淡路 洋士,あわじ ひろし,Awaji Hiroshi,39,1982年12月02日,男,A,awaji_hiroshi@example.jp,0460-40-6364,090-1239-5649,221-5855,神奈川県川崎市川崎区小田2丁目3番地6号,有限会社ジェネシス
北村 大,きたむら だい,Kitamura Dai,59,1962年07月10日,男,A,kitamuradai@example.jp,0478-75-5690,050-5881-7062,283-9503,千葉県習志野市鷺沼台1-4-17,株式会社伊藤製作所
浅野 裕美,あさの ゆみ,Asano Hiromi,57,1964年02月17日,女,A,hiromiasano@example.org,0969-06-6101,090-4968-1097,866-1349,熊本県熊本市東区戸島西3-5-13,有限会社鈴木
荒井 寿美代,あらい すみよ,Arai Sumiyo,37,1984年10月14日,女,O,arai_1014@example.com,03-0083-8990,090-4200-8464,137-8723,東京都江戸川区平井3丁目1番地7号,有限会社ライズ
新田 仁,にった ひとし,Nitta Hitoshi,46,1975年03月03日,男,O,nitta_33@example.com,044-581-9200,070-6198-1171,235-3444,神奈川県横浜市鶴見区鶴見中央3-2-106,
佐久間 由理,さくま ゆり,Sakuma Yuri,78,1943年04月29日,女,AB,yurisakuma@example.ne.jp,06-0014-3726,090-2751-6892,534-6758,大阪府大阪市中央区南船場3丁目3番地10号,
原田 昭彦,はらだ あきひこ,Harada Akihiko,25,1996年12月30日,その他・不明,O,harada1230@example.co.jp,0572-50-9201,090-6013-0994,504-3751,岐阜県岐阜市九重町4丁目3番4号,株式会社ミック
吉村 浩,よしむら ひろし,Yoshimura Hiroshi,54,1967年04月26日,男,A,hiroshi_yoshimura@example.org,0791-61-8832,080-1086-8504,668-4070,兵庫県神戸市中央区雲井通2-4-706,株式会社トップス
伊藤 祐馬,いとう ゆうま,Ito Yuma,78,1943年09月19日,男,A,itoyuma@example.net,0467-37-8941,050-8778-2511,228-3155,神奈川県横浜市鶴見区矢向1-1-9,
本田 由佳,ほんだ ゆか,Honda Yuka,21,2000年11月26日,女,A,honda1126@example.ne.jp,03-7124-2578,050-1141-8724,205-6745,東京都港区南青山3丁目2番地4号,株式会社TKC
高野 賢二,たかの けんじ,Takano Kenji,70,1951年09月02日,男,B,kenjitakano@example.co.jp,03-5690-2751,090-3842-9075,115-0335,東京都中央区月島1-1-3,
金谷 寛,かなや ひろし,Kanaya Hiroshi,58,1963年03月29日,男,A,kanayahiroshi@example.ne.jp,046-375-0458,050-3510-4321,248-6952,神奈川県海老名市杉久保南1-1-509,有限会社加藤商店
加納 和彦,かのう かずひこ,Kano Kazuhiko,44,1977年08月13日,男,O,kano813@example.ne.jp,03-6546-8529,090-1064-9156,138-3335,東京都杉並区和泉2-3-1102,
梅山 勝美,うめやま まさみ,Umeyama Katsumi,36,1985年11月05日,男,A,umeyama_115@example.com,0480-41-7067,070-9522-5942,339-6188,埼玉県さいたま市南区文蔵3丁目2番地7号,株式会社コーエイ
久慈 良一,くじ りょう,Kuji Ryoichi,75,1946年07月31日,その他・不明,AB,ryoichikuji@example.jp,03-1777-2816,050-5654-0927,133-3783,東京都世田谷区用賀3丁目2番6号,
川崎 望,かわさき のぞみ,Kawasaki Nozomi,44,1977年11月29日,男,A,nozomikawasaki@example.com,03-8661-7577,070-0910-1233,144-4922,東京都文京区湯島3-4-22,有限会社エムズ
浅野 佳代子,あさの かよこ,Asano Kayoko,60,1961年05月28日,女,A,asano_kayoko@example.jp,03-6454-7702,080-2548-9669,136-3008,東京都台東区台東2-5-705,
加藤 彩乃,かとう あやの,Kato Ayano,70,1952年01月05日,女,A,kato_15@example.net,0475-46-8100,050-7927-3297,278-0324,千葉県流山市加3丁目3番地10号,
青山 早智,あおやま さち,Aoyama Sachi,76,1945年11月27日,女,A,aoyamasachi@example.co.jp,03-5230-6734,050-3237-0161,183-0430,東京都中野区南台2丁目1番地9号,
村川 涼太,むらかわ りょうた,Murakawa Ryota,76,1945年03月24日,男,AB,ryota_murakawa@example.org,06-7985-8914,090-7572-5044,577-1043,大阪府大阪市東成区中道3-5-10,
藤田 泰史,ふじた ひろふみ,Fujita Yasushi,42,1979年05月02日,男,B,fujitayasushi@example.jp,03-3785-0782,050-1769-9661,149-7651,東京都武蔵野市吉祥寺南町3-1-704,
田村 卓哉,たむら たくや,Tamura Takuya,52,1969年08月09日,男,A,takuyatamura@example.com,03-5635-2722,050-0691-7505,149-0773,東京都江戸川区東葛西2-4-103,株式会社KS
田内 幸広,たうち ゆきひろ,Tauchi Yukihiro,60,1961年08月18日,男,AB,yukihiro_tauchi@example.net,0587-02-8622,080-6947-9573,493-3226,愛知県一宮市本町3丁目2番5号,
奥山 巧,おくやま たくみ,Okuyama Takumi,43,1978年04月29日,男,A,takumi_okuyama@example.ne.jp,03-5912-1973,070-0696-0708,172-0911,東京都大田区上池台2-2-13,有限会社トータス
横山 健太郎,よこやま けんたろう,Yokoyama Kentaro,57,1964年10月08日,男,A,yokoyama_108@example.jp,045-938-4671,050-0265-2583,235-3864,神奈川県大和市中央林間1丁目2番地8号,有限会社杉山商店
相澤 香代子,あいざわ かよこ,Aizawa Kayoko,56,1965年09月25日,女,A,aizawa925@example.ne.jp,03-6715-4438,090-4959-1694,102-5990,東京都品川区東五反田1丁目2番地8号,有限会社フェニックス
植村 裕子,うえむら ゆうこ,Uemura Yuko,66,1955年11月30日,女,O,uemura_1130@example.org,03-5488-2147,090-0848-1231,148-3696,東京都北区浮間3-4-706,
塚原 早紀,つかはら さき,Tsukahara Saki,35,1986年09月29日,女,A,sakitsukahara@example.jp,03-6166-6061,080-1064-0336,196-8049,東京都目黒区目黒2丁目1番地7号,株式会社パートナーズ
高橋 浩章,たかはし ひろあき,Takahashi Hiroaki,43,1978年03月21日,男,A,takahashi321@example.org,0794-04-4869,070-1013-9452,667-5324,兵庫県伊丹市中央2-2-16,有限会社マルシン
夜久 洋二,やく ようじ,Yaku Yoji,44,1977年03月12日,男,A,yaku312@example.ne.jp,03-8115-5959,090-5938-9684,136-2770,東京都中央区銀座1-5-409,株式会社サンコーポレーション
吉岡 義晴,よしおか よしはる,Yoshioka Yoshiharu,29,1992年12月17日,男,O,yoshioka1217@example.org,0463-13-0846,080-1178-0558,210-3743,神奈川県川崎市川崎区鋼管通3-3-13,株式会社長谷川商店
鈴木 義浩,すずき よしひろ,Suzuki Yoshihiro,45,1976年08月20日,男,B,suzuki820@example.net,03-6632-4008,050-4037-3543,158-2149,東京都中野区江古田1丁目1番9号,有限会社中野商店
小林 泰寛,こばやし やすひろ,Kobayashi Yasuhiro,78,1943年06月24日,男,AB,kobayashiyasuhiro@example.ne.jp,06-1386-2334,080-9934-3317,533-8730,大阪府吹田市山田東2-1-801,
池ヶ谷 宏典,いけがや こうすけ,Ikegaya Hironori,35,1986年08月28日,男,B,ikegaya_hironori@example.com,0436-40-6340,090-1213-3259,262-1698,千葉県船橋市高根台3-4-303,
松村 輝,まつむら あきら,Matsumura Akira,31,1990年07月14日,男,O,matsumuraakira@example.net,0795-35-4770,090-8257-4142,653-0926,兵庫県神戸市須磨区高倉台2-2-403,株式会社京和
野田 栄介,のだ えいすけ,Noda Eisuke,62,1959年10月07日,男,O,eisukenoda@example.com,03-6632-9164,090-0714-3024,189-2641,東京都新宿区高田馬場2-1-9,
古田 直子,ふるた なおこ,Furuta Naoko,28,1993年10月08日,女,A,furuta_naoko@example.ne.jp,0567-49-9099,080-2532-7457,446-9336,愛知県春日井市大手町3-3-1208,
高田 達男,たかだ たつお,Takada Tatsuo,76,1946年01月01日,男,B,takadatatsuo@example.jp,03-5132-6440,050-1109-5241,149-0799,東京都江東区有明3-2-1007,
大滝 汐里,おおたき しおり,Otaki Shiori,51,1970年08月25日,女,B,otaki825@example.net,0575-65-8607,090-7904-8650,506-4082,岐阜県岐阜市六条北1-1-22,株式会社小林工業
中 武司,なか たけし,Naka Takeshi,69,1952年05月30日,男,AB,naka_530@example.co.jp,03-9541-6572,050-0485-9563,102-6491,東京都中央区銀座2-3-1103,
下浦 恵美子,しもうら えみこ,Shimoura Emiko,27,1994年08月24日,女,A,shimoura_824@example.org,03-5601-3817,080-3708-9758,178-6103,東京都千代田区麹町3丁目3番10号,株式会社HIT
黒川 由美,くろかわ ゆみ,Kurokawa Yumi,28,1993年07月22日,女,A,yumikurokawa@example.ne.jp,03-9981-1056,080-8948-2652,131-5715,東京都品川区西五反田2丁目2番10号,株式会社ZERO
中塚 桃,なかつか もも,Nakatsuka Momo,21,2000年09月01日,女,O,momo_nakatsuka@example.jp,06-2209-6767,080-5155-5249,591-7412,大阪府八尾市中田1-4-5,有限会社三河屋
上原 貴子,うえはら たかこ,Uehara Takako,28,1994年01月05日,女,A,takakouehara@example.ne.jp,03-2805-9224,050-5930-6983,173-5956,東京都世田谷区鎌田4丁目2番7号,株式会社ワタナベ
吉成 瞳,よしなり ひとみ,Yoshinari Hitomi,52,1969年02月15日,女,O,yoshinari_215@example.jp,03-8587-4757,090-0922-8020,137-4620,東京都立川市柴崎町3-2-4,株式会社タカミ
石倉 大輔,いしくら だいすけ,Ishikura Daisuke,40,1981年03月02日,男,A,ishikura_daisuke@example.jp,0572-61-7139,050-8881-8433,504-4396,岐阜県岐阜市若宮町1-2-20,有限会社エス企画
木村 裕二,きむら ゆうじ,Kimura Yuji,28,1993年06月01日,男,B,kimurayuji@example.net,03-0800-0542,070-9412-6751,137-7368,東京都足立区竹の塚3丁目1番3号,有限会社中山商店
政岡 聖人,まさおか まさと,Masaoka Masato,69,1952年03月16日,男,O,masaoka316@example.jp,03-8953-0175,080-7620-1434,203-4235,東京都墨田区石原3-5-17,
元井 達也,もとい たつや,Motoi Tatsuya,25,1996年04月24日,男,AB,motoi_tatsuya@example.jp,0551-84-9391,050-3482-6195,408-9979,山梨県甲府市徳行1-2-9,有限会社プラスワン
越智 芳人,おち よしひと,Ochi Yoshihito,20,2001年05月10日,その他・不明,A,ochi_yoshihito@example.com,03-2904-2746,090-5927-6508,101-3137,東京都板橋区常盤台2-3-20,有限会社パレット
松浦 空,まつうら かなた,Matsuura Sora,39,1982年11月25日,男,B,matsuura1125@example.jp,03-5233-3887,080-5718-9639,114-7691,東京都荒川区町屋4丁目3番地10号,有限会社フレンド
牧 沙紀,まき さき,Maki Saki,76,1945年01月06日,女,O,makisaki@example.net,078-344-8291,080-8364-2664,673-4631,兵庫県神戸市中央区多聞通2-4-1106,
伊藤 直哉,いとう なおや,Ito Naoya,49,1972年08月14日,男,A,itonaoya@example.ne.jp,0848-30-9373,050-5960-0439,723-9112,広島県広島市安芸区矢野東1-5-19,株式会社やまと
佐藤 秀行,さとう ひでゆき,Sato Hideyuki,54,1967年02月23日,その他・不明,A,sato_223@example.com,03-2452-5769,050-3130-7774,161-2363,東京都町田市原町田2丁目1番地6号,株式会社クリエーション
小屋 仁人,こや よしと,Koya Yoshito,64,1957年01月18日,男,B,koyayoshito@example.org,0460-81-3017,080-5251-8513,244-5309,神奈川県相模原市南区大野台1-5-21,
大石 靖子,おおいし やすこ,Oishi Yasuko,35,1986年12月20日,女,A,oishiyasuko@example.co.jp,03-8979-8518,090-0254-3052,140-3512,東京都羽村市神明台1-2-15,中央商事株式会社
南 一彦,みなみ かずひこ,Minami Kazuhiko,44,1977年05月01日,男,B,kazuhiko_minami@example.net,06-5863-2239,050-3657-3225,560-0016,大阪府大阪市都島区毛馬町3-4-19,有限会社ウチダ
柴田 泰裕,しばた やすひろ,Shibata Yasuhiro,54,1967年10月15日,男,A,shibata_yasuhiro@example.org,03-2814-7909,080-8978-2420,129-6274,東京都小平市上水本町1-3-804,有限会社やまもと
岡田 和歌子,おかだ わかこ,Okada Wakako,71,1950年05月11日,その他・不明,AB,okadawakako@example.org,06-2833-9527,050-7435-4050,570-0018,大阪府泉南市樽井4丁目3番8号,
渡邉 真紀,わたなべ まき,Watanabe Maki,60,1961年11月07日,女,A,watanabe_117@example.ne.jp,03-6596-3887,050-0499-6690,112-0726,東京都世田谷区祖師谷1丁目1番6号,
小田 遼平,おだ りょうへい,Oda Ryohei,38,1983年11月07日,男,B,ryoheioda@example.ne.jp,03-8698-9126,090-6513-8897,191-9794,東京都豊島区池袋3丁目1番4号,有限会社長谷川
小室 ひかり,こむろ ひかり,Komuro Hikari,68,1953年06月28日,女,O,hikari_komuro@example.com,0463-40-8427,070-0687-0252,231-7792,神奈川県横浜市中区麦田町3-4-19,
甲斐田 暁,かいだ あき,Kaida Akira,62,1959年01月27日,男,A,kaidaakira@example.jp,03-7460-0704,080-8467-6933,109-1971,東京都練馬区大泉町3丁目2番5号,
坂野 文彦,さかの ふみひこ,Sakano Fumihiko,48,1973年10月15日,男,A,fumihikosakano@example.net,022-899-2575,090-8407-2709,984-3233,宮城県仙台市宮城野区港3-1-6,有限会社小林製作所
神尾 絵里香,かみお えりか,Kamio Erika,29,1992年03月07日,女,O,kamioerika@example.ne.jp,08387-2-5649,070-7893-8934,747-9626,山口県下関市丸山町1-5-5,有限会社ミズノ
池本 豊,いけもと ゆたか,Ikemoto Yutaka,35,1986年04月11日,男,A,ikemoto_411@example.com,0867-67-8400,090-7041-7146,707-0542,岡山県倉敷市玉島阿賀崎3丁目2番3号,株式会社山田製作所
坂本 俊一,さかもと しゅんいち,Sakamoto Shunichi,27,1994年02月10日,男,A,sakamoto_shunichi@example.net,03-4988-1865,070-5338-5320,200-2992,東京都大田区上池台3-2-507,有限会社ヨコヤマ
水谷 めぐみ,みずたに めぐみ,Mizutani Megumi,59,1962年04月23日,女,A,mizutani_423@example.org,044-146-3333,090-2553-8842,221-6708,神奈川県座間市入谷1-3-5,ライフサポート株式会社
柴田 良和,しばた よしかず,Shibata Yoshikazu,63,1958年07月23日,男,O,shibata723@example.net,0736-50-3669,080-7905-3252,647-7133,和歌山県和歌山市和歌浦東4丁目2番8号,
今村 孝弘,いまむら たかひろ,Imamura Takahiro,79,1942年03月03日,男,B,imamura_33@example.co.jp,092-294-0377,070-9220-3248,806-7407,福岡県福岡市南区清水2-1-19,
川上 礼子,かわかみ れいこ,Kawakami Reiko,76,1945年02月06日,女,A,kawakamireiko@example.ne.jp,04-6540-1526,050-3932-2279,341-9297,埼玉県戸田市上戸田1-2-8,
竹村 亜紀,たけむら あき,Takemura Aki,56,1965年02月19日,女,A,takemuraaki@example.com,03-7594-6032,090-2550-9745,197-1998,東京都西東京市向台町3丁目2番7号,有限会社渡辺製作所
小松 知美,こまつ さとみ,Komatsu Tomomi,42,1979年03月18日,その他・不明,A,tomomikomatsu@example.org,0947-63-3107,070-1364-4615,837-2430,福岡県福岡市中央区六本松1-1-20,株式会社吉田組
大川 敬弘,おおかわ たかひろ,Okawa Takahiro,20,2001年02月09日,男,AB,okawa_29@example.org,03-6504-4757,080-9534-9478,133-9325,東京都三鷹市下連雀1-2-18,有限会社朋友
福山 康之,ふくやま やすゆき,Fukuyama Yasuyuki,76,1945年10月15日,男,AB,yasuyukifukuyama@example.org,0463-87-9843,070-6550-0213,213-5646,神奈川県横須賀市根岸町1-2-108,
佐藤 亮太,さとう りょうた,Sato Ryota,67,1954年02月13日,男,O,ryota_sato@example.jp,0479-27-0785,050-4353-8404,261-9736,千葉県浦安市北栄3-1-13,
木戸 哲也,きど てつや,Kido Tetsuya,29,1992年07月02日,男,A,kidotetsuya@example.net,03-7865-3529,050-6054-3623,144-7670,東京都練馬区関町南4丁目2番7号,
北岡 和文,きたおか かずふみ,Kitaoka Kazufumi,26,1995年02月07日,男,A,kitaoka27@example.co.jp,03-4377-3321,080-7020-3182,105-2811,東京都港区六本木2-1-18,株式会社クライス
田口 龍生,たぐち たつお,Taguchi Tatsuo,40,1981年07月05日,男,O,tatsuotaguchi@example.jp,03-6525-6250,070-3509-1589,190-8266,東京都八王子市明神町2丁目3番地6号,株式会社アイ・コーポレーション
森本 直樹,もりもと なおき,Morimoto Naoki,52,1969年04月11日,男,A,morimoto411@example.ne.jp,0494-46-2875,090-3561-5025,331-8282,埼玉県坂戸市関間3-3-21,株式会社TKS
瓜生 大悟,うりゅう だいご,Uryu Daigo,71,1950年08月28日,その他・不明,O,uryu_daigo@example.net,0747-88-6121,050-3517-2932,633-2869,奈良県橿原市内膳町3-2-207,
椿 紘,つばき こう,Tsubaki Hiroshi,70,1951年11月16日,男,A,tsubaki1116@example.co.jp,03-0406-3583,080-1210-8645,203-8327,東京都府中市宮西町3-2-207,
松本 幸司,まつもと こうじ,Matsumoto Koji,74,1947年06月07日,男,AB,matsumotokoji@example.net,0226-01-1473,080-4760-8901,986-2958,宮城県仙台市宮城野区榴岡3-1-809,
小笠原 靖彦,おがさわら やすひこ,Ogasawara Yasuhiko,28,1993年12月29日,男,A,ogasawara_yasuhiko@example.com,0224-72-9782,090-1522-8627,980-7318,宮城県仙台市青葉区一番町3-4-4,有限会社七福
山崎 敬,やまざき たかし,Yamazaki Takashi,60,1961年01月14日,男,A,yamazakitakashi@example.co.jp,0544-50-7281,070-8461-1448,410-9469,静岡県静岡市駿河区登呂2丁目3番地10号,
和田 武尊,わだ たける,Wada Takeru,69,1952年03月23日,男,O,wada323@example.jp,044-976-4732,050-7609-6731,236-4266,神奈川県横浜市中区太田町4丁目3番7号,
菅原 加奈子,すがわら かなこ,Sugawara Kanako,24,1997年03月18日,女,AB,sugawara_318@example.ne.jp,03-1799-9185,080-4033-5887,140-4019,東京都足立区保木間2-3-13,有限会社藤工業
原 達生,はら たつお,Hara Tatsuo,51,1970年10月29日,男,A,haratatsuo@example.net,047-812-6194,070-9557-0980,267-0713,千葉県市川市南八幡3丁目2番9号,株式会社マルコ
小玉 秀一,こだま しゅういち,Kodama Shuichi,43,1978年10月11日,男,A,kodama1011@example.org,0795-46-2909,050-3221-5045,670-4208,兵庫県尼崎市昭和南通3丁目2番4号,株式会社和光
松原 博幸,まつばら ひろゆき,Matsubara Hiroyuki,49,1972年02月10日,男,O,hiroyukimatsubara@example.ne.jp,06-8544-3080,050-9436-3090,596-4945,大阪府大東市三箇4丁目2番地6号,株式会社アイテム
浅井 美智代,あさい みちよ,Asai Michiyo,76,1945年09月19日,女,O,asai_919@example.com,03-9676-3482,080-9924-5265,178-5432,東京都千代田区九段北1丁目3番7号,
高橋 真由美,たかはし まゆみ,Takahashi Mayumi,46,1975年12月22日,女,B,takahashi_1222@example.co.jp,0291-64-1341,070-9595-4332,307-0299,茨城県龍ケ崎市中根台2-5-106,
福本 奈々,ふくもと なな,Fukumoto Nana,25,1996年11月21日,女,O,nana_fukumoto@example.jp,0143-16-3186,080-5889-4311,009-9594,北海道釧路市武佐1-1-12,有限会社山崎製作所
川島 和樹,かわしま かずき,Kawashima Kazuki,49,1972年09月23日,男,A,kawashimakazuki@example.co.jp,0465-89-7767,050-1076-6091,240-2071,神奈川県茅ヶ崎市中海岸3丁目2番10号,有限会社光和
藤浪 洋,ふじなみ ひろし,Fujinami Hiroshi,73,1948年08月18日,男,A,fujinami818@example.ne.jp,092-140-8526,090-6911-6923,834-5774,福岡県福岡市南区老司1-1-106,
里 竜馬,さと りょうま,Sato Ryoma,36,1985年12月14日,男,B,sato_ryoma@example.jp,03-1935-2646,090-4182-8497,105-7827,東京都調布市多摩川3-3-6,株式会社ホクシン
新城 栄一郎,しんじょう えいいちろう,Shinjo Eiichiro,39,1982年05月06日,男,O,shinjoeiichiro@example.co.jp,03-7400-9084,080-5773-2539,104-9896,東京都江戸川区松島3-5-21,有限会社佐藤設備
榎本 あゆみ,えのもと あゆみ,Enomoto Ayumi,23,1998年03月20日,女,A,enomoto_ayumi@example.net,03-0323-2630,050-4261-3276,127-0000,東京都江戸川区西瑞江1-5-16,株式会社えん
松岡 敦,まつおか あつし,Matsuoka Atsushi,68,1954年01月01日,男,A,matsuoka_atsushi@example.co.jp,0745-86-4130,090-8693-5169,632-9542,奈良県北葛城郡王寺町畠田2-5-508,
中溝 宗徳,なかみぞ むねのり,Nakamizo Munenori,40,1981年08月01日,男,A,munenorinakamizo@example.com,046-355-4533,050-0995-9632,221-8076,神奈川県横浜市中区住吉町4丁目1番5号,株式会社リード
稲田 修,いなだ おさむ,Inada Osamu,53,1968年04月25日,男,A,inadaosamu@example.com,01372-5-2965,070-4370-3056,086-5309,北海道札幌市厚別区厚別北一条2丁目3番3号,株式会社ビーンズ
後藤 聡美,ごとう さとみ,Goto Satomi,20,2001年09月18日,女,B,goto918@example.net,0465-63-7300,090-8283-9160,244-5690,神奈川県小田原市浜町3-3-4,株式会社ライジング
阪本 梨恵子,さかもと りえこ,Sakamoto Rieko,42,1979年06月29日,女,A,riekosakamoto@example.org,042-906-1782,080-1369-1932,344-2248,埼玉県上尾市緑丘3-2-15,株式会社佐藤商事
宇佐美 真人,うさみ まひと,Usami Masato,80,1941年02月24日,男,A,usami_224@example.jp,03-0983-5233,070-6557-6105,151-6829,東京都文京区本郷2-5-1009,
高橋 恵,たかはし めぐみ,Takahashi Megumi,20,2001年07月14日,女,A,megumi_takahashi@example.com,0495-28-3015,050-6036-4311,336-7853,埼玉県三郷市早稲田1-4-7,株式会社メディックス
大江 知恵美,おおえ ちえみ,Oe Chiemi,37,1984年12月02日,女,O,chiemi_oe@example.com,0460-23-9294,050-1212-5977,215-3702,神奈川県横浜市南区中島町1-1-7,
五十嵐 和郎,いがらし かずお,Igarashi Kazuo,68,1953年09月20日,男,O,igarashi_920@example.net,0299-47-6725,050-2209-8279,301-9640,茨城県日立市川尻町2-2-10,
津田 成美,つだ なるみ,Tsuda Narumi,56,1965年06月01日,女,B,narumitsuda@example.com,0476-04-8452,050-5602-3592,289-9164,千葉県船橋市西船4丁目2番9号,株式会社オール
田口 一史,たぐち ひとし,Taguchi Kazufumi,26,1995年08月25日,その他・不明,A,taguchi_825@example.ne.jp,0480-55-5699,080-6204-1349,346-3704,埼玉県新座市栄4丁目3番地9号,有限会社タカギ
西川 毅彦,にしかわ たけひこ,Nishikawa Takehiko,21,2000年01月12日,男,A,takehikonishikawa@example.ne.jp,0586-40-8669,050-2633-9371,479-0998,愛知県小牧市中央2-4-901,有限会社エヌテック
猪股 優,いのまた ゆう,Inomata Yu,42,1979年05月21日,男,O,yu_inomata@example.jp,0531-67-1326,070-0502-1788,466-6165,愛知県岡崎市明大寺本町2丁目1番地7号,株式会社クオーレ
大川 衛,おおかわ まもる,Okawa Mamoru,71,1950年07月25日,男,O,okawa_725@example.org,03-6984-3727,050-1924-4660,121-4997,東京都港区三田2-3-3,
伊勢 康則,いせ やすのり,Ise Yasunori,27,1994年03月06日,男,B,iseyasunori@example.ne.jp,03-3562-5877,070-8493-6907,203-0587,東京都大田区山王1-5-13,株式会社ムラカミ
山崎 佑介,やまざき ゆうすけ,Yamazaki Yusuke,22,1999年07月19日,男,O,yusukeyamazaki@example.com,055-116-7134,080-2636-4899,404-6438,山梨県甲府市千塚2-5-5,株式会社鈴木工務店
武部 祐美子,たけべ ゆみこ,Takebe Yumiko,80,1941年05月17日,女,O,takebeyumiko@example.ne.jp,03-1379-3941,090-8774-1865,147-1754,東京都杉並区上荻2丁目2番4号,
中山 正幸,なかやま まさゆき,Nakayama Masayuki,32,1989年11月10日,男,AB,masayuki_nakayama@example.org,0144-48-5313,050-8674-6368,048-5064,北海道虻田郡倶知安町北四条東2-1-18,株式会社エール
乳井 麻衣子,にゅうい まいこ,Nyui Maiko,48,1973年04月28日,女,B,maiko_nyui@example.com,047-572-8253,070-9322-0586,267-2653,千葉県松戸市古ケ崎3-2-3,株式会社クレア
伊藤 文昭,いとう ふみあき,Ito Fumiaki,40,1981年10月16日,男,O,itofumiaki@example.co.jp,0493-00-4813,070-4277-0800,363-1451,埼玉県さいたま市大宮区桜木町2-4-17,株式会社平成
隈部 博文,くまべ ひろふみ,Kumabe Hirofumi,76,1945年10月08日,男,A,kumabe_108@example.jp,03-1035-2892,050-8912-1576,136-5973,東京都品川区小山1丁目1番地4号,
鈴木 和典,すずき かずのり,Suzuki Kazunori,80,1941年11月29日,男,B,suzuki_1129@example.co.jp,03-0973-7465,070-6998-6388,158-1568,東京都中野区南台2-2-9,
曽我 健太,そが けんた,Soga Kenta,67,1954年11月22日,男,AB,soga_kenta@example.co.jp,0749-07-7581,070-4560-6621,521-0504,滋賀県大津市におの浜2丁目2番7号,
佐久川 豊,さくがわ ゆたか,Sakugawa Yutaka,36,1985年02月16日,男,O,yutakasakugawa@example.ne.jp,0138-40-9394,080-6180-1819,005-0764,北海道帯広市西十五条北1-4-8,有限会社ネクサス
高橋 陽子,たかはし ようこ,Takahashi Yoko,76,1945年09月18日,女,O,takahashi_yoko@example.co.jp,019-876-6355,050-2061-9094,025-5798,岩手県盛岡市山岸3-1-207,
村上 智,むらかみ とも,Murakami Satoshi,23,1998年03月15日,男,A,satoshimurakami@example.jp,0480-57-8535,080-1009-2028,339-2991,埼玉県川越市伊勢原町1-4-15,株式会社キング
鵜飼 俊朗,うかい としろう,Ukai Toshiro,53,1968年09月05日,男,O,toshiroukai@example.net,06-4215-7100,070-4567-1332,541-0854,大阪府大阪市生野区小路東3丁目2番地6号,株式会社ジャスト
近藤 太,こんどう ふとし,Kondo Futoshi,39,1982年02月28日,男,A,kondo228@example.com,03-6669-4596,090-8098-2216,125-1224,東京都墨田区江東橋1-5-14,株式会社GRACE
村田 靖史,むらた やすふみ,Murata Yasushi,44,1977年08月26日,男,O,murata_yasushi@example.co.jp,03-2235-2211,090-5430-5664,174-2771,東京都練馬区関町北1-4-904,株式会社昇栄
平田 佐保子,ひらた さほこ,Hirata Sahoko,72,1949年05月28日,女,A,sahoko_hirata@example.jp,03-3492-0444,080-6556-7484,170-0181,東京都新宿区百人町2-4-13,
樋口 篤,ひぐち あつし,Higuchi Atsushi,75,1946年05月29日,男,B,higuchiatsushi@example.net,049-758-2646,090-9204-3885,330-8274,埼玉県草加市松原2丁目2番地8号,
鈴木 清隆,すずき きよたか,Suzuki Kiyotaka,49,1972年02月07日,男,A,kiyotakasuzuki@example.com,03-0448-0433,070-3196-5454,116-2366,東京都西多摩郡瑞穂町長岡2-4-7,有限会社アムール
青木 ゆかり,あおき ゆかり,Aoki Yukari,73,1948年11月19日,女,O,aoki_yukari@example.com,0224-14-6168,070-8199-0156,983-2641,宮城県登米市迫町佐沼字中江3-1-12,
中村 遥,なかむら はるか,Nakamura Haruka,34,1987年09月29日,女,A,nakamura_haruka@example.co.jp,082-207-8907,080-6734-3696,732-9120,広島県福山市青葉台3-5-10,株式会社イトウ
小林 克志,こばやし かつし,Kobayashi Katsushi,35,1986年06月07日,男,A,katsushikobayashi@example.co.jp,06-7306-6866,090-5954-7269,592-9416,大阪府南河内郡河南町大宝1-5-14,有限会社オーシャン
堀井 布美子,ほりい ふみこ,Horii Fumiko,58,1963年02月06日,女,A,fumiko_horii@example.co.jp,06-1989-5170,050-2183-2650,560-5301,大阪府大阪市東住吉区鷹合1-2-9,有限会社三興
高田 順也,たかだ じゅんや,Takada Junya,73,1948年05月01日,男,A,takada51@example.co.jp,079-451-4571,070-0636-1853,651-9917,兵庫県神戸市中央区橘通2丁目3番8号,
小川 真衣子,おがわ まいこ,Ogawa Maiko,60,1961年06月16日,女,AB,ogawa_616@example.com,047-534-7814,050-1904-7371,260-0578,千葉県柏市豊住1-1-18,
藤川 潤,ふじかわ じゆん,Fujikawa Jun,69,1952年10月25日,男,O,fujikawa_1025@example.net,03-4778-9165,090-2248-5315,128-8759,東京都新宿区西新宿2-1-4,
辻 秀明,つじ ひであき,Tsuji Hideaki,79,1942年03月04日,男,A,hideakitsuji@example.jp,06-4025-1468,050-3436-3081,563-1919,大阪府大阪市平野区平野西3-3-13,
松井 浩二,まつい こうじ,Matsui Koji,45,1976年04月05日,男,B,koji_matsui@example.ne.jp,03-2769-6411,090-4367-7719,122-9422,東京都新宿区高田馬場3丁目3番5号,株式会社アイテック
百瀬 夏彦,ももせ なつひこ,Momose Natsuhiko,43,1978年10月22日,男,A,natsuhiko_momose@example.com,03-7544-8353,070-1536-6024,116-3256,東京都練馬区東大泉3-4-3,有限会社ホクシン
原田 久男,はらだ ひさお,Harada Hisao,53,1968年05月11日,その他・不明,B,harada511@example.ne.jp,03-8423-3182,090-3876-4072,104-0529,東京都江東区有明3-3-706,有限会社マルショウ
福 あすか,ふく あすか,Fuku Asuka,76,1945年07月31日,女,B,fukuasuka@example.ne.jp,03-9456-3323,080-5888-7442,183-3951,東京都三鷹市牟礼3丁目1番地8号,
千葉 良太,ちば りょうた,Chiba Ryota,31,1990年01月15日,男,A,ryota_chiba@example.jp,03-0090-4466,050-4933-3226,190-7692,東京都豊島区西池袋1-5-1201,高橋商事株式会社
吉沢 藍,よしざわ あい,Yoshizawa Ai,34,1987年03月05日,女,O,ai_yoshizawa@example.co.jp,0476-15-7482,080-5598-9110,262-5548,千葉県鎌ケ谷市東初富2丁目3番9号,三協商事株式会社
小柳 裕幸,こやなぎ ひろゆき,Koyanagi Hiroyuki,56,1965年01月06日,男,AB,hiroyuki_koyanagi@example.ne.jp,03-5371-0318,080-4518-7861,145-5002,東京都目黒区駒場1丁目1番9号,株式会社スカイ
井上 昭人,いのうえ あきひと,Inoue Akihito,25,1996年08月18日,男,B,akihitoinoue@example.ne.jp,03-2676-4228,050-4205-9572,141-8781,東京都江戸川区松島1丁目2番6号,株式会社大東
岩田 伸哉,いわた しんや,Iwata Shinya,71,1950年09月17日,男,O,iwata_shinya@example.co.jp,0463-99-3711,080-7124-3769,227-4869,神奈川県横浜市中区尾上町1-1-8,
川崎 雅則,かわさき まさのり,Kawasaki Masanori,27,1994年03月04日,男,A,kawasaki_masanori@example.co.jp,09496-0-8552,080-5156-4770,832-9437,福岡県福岡市早良区野芥3-3-1104,有限会社新井商店
安田 真希,やすだ まき,Yasuda Maki,60,1961年09月29日,女,O,makiyasuda@example.jp,09969-1-5816,090-8178-8938,897-8015,鹿児島県鹿児島市坂之上2丁目2番地3号,
田口 徳明,たぐち のりあき,Taguchi Noriaki,27,1994年05月24日,男,O,noriakitaguchi@example.co.jp,0943-73-8151,050-1732-9599,836-9536,福岡県福岡市博多区住吉2丁目1番3号,有限会社ハセガワ
折笠 マリ,おりかさ まり,Orikasa Mari,74,1947年10月28日,その他・不明,A,orikasa1028@example.jp,08396-6-5609,070-9096-1182,759-5174,山口県宇部市昭和町2-2-302,
近藤 浩史,こんどう ひろし,Kondo Hiroshi,22,1999年06月23日,その他・不明,A,kondo623@example.jp,0438-57-5806,080-7651-6509,294-2746,千葉県柏市大津ケ丘3-4-4,株式会社小林工務店
大村 綾美,おおむら あやみ,Omura Ayami,30,1991年07月09日,女,O,omura79@example.co.jp,0532-43-5266,050-5339-5572,491-1217,愛知県名古屋市千種区今池1丁目1番地7号,株式会社光和
杉原 亜衣,すぎはら あい,Sugihara Ai,73,1948年08月11日,女,A,ai_sugihara@example.ne.jp,06-9456-0087,090-9458-3244,576-0497,大阪府大阪市東住吉区中野3丁目3番10号,
橋本 文枝,はしもと ふみえ,Hashimoto Fumie,25,1996年05月07日,女,A,hashimoto_fumie@example.ne.jp,03-1270-7374,050-8916-2813,122-7953,東京都八王子市みなみ野1-5-19,株式会社アオイ
友重 博之,ともしげ ひろゆき,Tomoshige Hiroyuki,64,1957年04月21日,男,A,tomoshige_hiroyuki@example.jp,06-3647-5056,050-2299-8732,579-0002,大阪府池田市伏尾台3丁目3番3号,
五十嵐 幸雄,いがらし ゆきお,Igarashi Yukio,24,1997年04月07日,男,A,igarashi47@example.net,06-7552-3270,050-6254-3976,577-1312,大阪府大阪狭山市茱萸木2丁目2番3号,株式会社ナガノ
田中 敏,たなか さとし,Tanaka Satoshi,28,1993年07月30日,男,A,satoshitanaka@example.org,015-139-1851,050-3656-8973,081-7581,北海道札幌市中央区宮の森三条3-2-509,ライズ株式会社
津田 政貴,つだ まさたか,Tsuda Masataka,26,1995年02月22日,男,B,masataka_tsuda@example.jp,06-1074-5174,050-4695-2920,583-3520,大阪府大阪市此花区伝法1-3-13,株式会社椿
佐藤 陽平,さとう ようへい,Sato Yohei,57,1964年06月22日,男,B,satoyohei@example.ne.jp,06-8210-0103,070-0791-0022,590-5108,大阪府大阪市北区天満3-5-3,株式会社ジャック
鈴木 勇次,すずき ゆうじ,Suzuki Yuji,40,1981年12月25日,男,B,yujisuzuki@example.ne.jp,0768-28-3130,090-0346-0088,928-3617,石川県金沢市西念1丁目2番地6号,有限会社木村組
西沢 詠子,にしざわ えいこ,Nishizawa Eiko,27,1994年11月19日,女,O,nishizawa_1119@example.ne.jp,03-2957-9163,080-7930-0870,194-1822,東京都墨田区八広3丁目2番9号,株式会社クロノス
赤堀 修平,あかほり しゅうへい,Akahori Shuhei,40,1981年12月25日,男,A,akahori_shuhei@example.com,0943-48-3071,070-7437-4291,837-3058,福岡県福岡市東区多の津3-5-17,有限会社エルム
斉藤 義昭,さいとう よしあき,Saito Yoshiaki,29,1992年10月27日,男,O,yoshiakisaito@example.com,0493-73-1133,070-8771-4727,360-4626,埼玉県川口市南鳩ヶ谷3丁目3番4号,有限会社アサノ
安藤 秀一,あんどう しゅういち,Ando Shuichi,56,1965年05月18日,男,B,shuichiando@example.com,0985-47-6196,080-2810-0009,882-4531,宮崎県宮崎市霧島2丁目3番8号,株式会社三協
奥山 明希,おくやま あき,Okuyama Aki,72,1949年08月26日,女,A,okuyama_826@example.org,0224-30-1268,080-0641-1651,983-2065,宮城県仙台市太白区大野田2-1-109,
佐藤 紫織,さとう しおり,Sato Shiori,64,1957年06月18日,女,O,sato618@example.net,0470-89-2273,090-2862-2759,295-4563,千葉県市川市中国分3丁目3番7号,
岡村 文雄,おかむら ふみお,Okamura Fumio,58,1963年06月24日,男,AB,fumio_okamura@example.ne.jp,03-7968-8983,090-9008-0368,187-4349,東京都世田谷区上用賀3-1-19,株式会社アイエス
大場 賢治,おおば けんじ,Oba Kenji,21,2000年12月30日,男,A,oba_kenji@example.jp,0868-30-7291,090-4059-4489,702-5635,岡山県倉敷市児島駅前1丁目3番10号,有限会社富士商事
衣川 千穂,きぬがわ ちほ,Kinugawa Chiho,36,1985年07月11日,女,O,kinugawa711@example.com,06-3706-1515,080-4079-4861,552-8817,大阪府豊中市上新田1-4-11,有限会社林製作所
山内 康裕,やまうち やすひろ,Yamauchi Yasuhiro,49,1972年07月24日,男,O,yamauchi724@example.co.jp,0827-51-1314,080-6311-8703,736-2299,広島県廿日市市宮内3丁目1番6号,有限会社アシスト
廣橋 真理,ひろはし まり,Hirohashi Mari,61,1960年03月12日,女,A,hirohashimari@example.com,03-6683-6824,050-0132-3500,156-2101,東京都墨田区亀沢3丁目1番5号,
石井 絢子,いしい じゅんこ,Ishii Ayako,53,1968年10月14日,女,O,ishii_ayako@example.com,0790-94-5497,080-8549-6263,663-8569,兵庫県尼崎市立花町2丁目1番4号,株式会社ASK
伊藤 豊,いとう ゆたか,Ito Yutaka,59,1962年06月29日,男,O,ito_629@example.com,03-6668-8715,050-5937-6208,207-2811,東京都中野区本町3-3-706,有限会社ミウラ
今井 宏之,いまい ひろゆき,Imai Hiroyuki,29,1992年02月25日,男,A,hiroyuki_imai@example.ne.jp,0228-15-1497,090-7704-4553,980-5031,宮城県仙台市泉区将監3-4-104,株式会社スペース
西川 雅史,にしかわ まさし,Nishikawa Masashi,42,1979年03月15日,男,O,masashi_nishikawa@example.net,01632-3-0135,070-3520-7441,004-0616,北海道札幌市西区発寒十七条3-3-3,株式会社ナチュラル
日比野 ひとみ,ひびの ひとみ,Hibino Hitomi,43,1978年02月08日,女,A,hibino_hitomi@example.org,0186-85-7709,090-0415-5121,018-0668,秋田県秋田市茨島2丁目3番地5号,有限会社リバース
橋本 真奈美,はしもと まなみ,Hashimoto Manami,58,1963年04月08日,女,A,hashimoto_manami@example.co.jp,0587-19-4571,050-6835-0911,451-9778,愛知県名古屋市千種区東山通3-3-12,有限会社増田商店
南 晃代,みなみ てるよ,Minami Akiyo,23,1998年12月07日,女,A,minami_127@example.net,03-3294-2158,050-4600-8700,175-6946,東京都葛飾区柴又2-3-402,株式会社FIT
小野 俊一,おの しゅんいち,Ono Shunichi,61,1960年12月30日,男,O,ono_shunichi@example.ne.jp,0994-66-6334,090-5713-0396,894-9612,鹿児島県南さつま市加世田村原1-3-18,
池田 夏希,いけだ なつき,Ikeda Natsuki,46,1975年03月04日,女,A,ikeda_natsuki@example.net,06-4740-0851,070-9701-7957,597-9174,大阪府大阪市浪速区日本橋1丁目3番地5号,株式会社三恵
鈴木 亮子,すずき りょうこ,Suzuki Ryoko,23,1998年11月29日,女,O,suzuki_1129@example.net,079-514-1647,070-2736-5966,658-6106,兵庫県神戸市垂水区学が丘1-3-701,有限会社伊藤商店
増山 学,ますやま まなぶ,Masuyama Manabu,70,1951年11月09日,男,B,masuyama119@example.com,03-6119-7841,050-0091-9883,132-4748,東京都東大和市立野1丁目2番地5号,
丹下 肇,たんげ はじめ,Tange Hajime,21,2000年01月21日,男,O,tange121@example.org,0494-82-5925,090-2005-5234,356-1523,埼玉県川口市領家3-2-6,有限会社ダイケン
齋藤 理恵,さいとう りえ,Saito Rie,32,1989年01月08日,女,A,rie_saito@example.net,0561-48-9847,050-8500-2744,454-0564,愛知県春日井市高蔵寺町3-2-8,
山崎 陽平,やまざき ようへい,Yamazaki Yohei,53,1968年08月27日,男,A,yamazaki827@example.co.jp,0233-29-8937,050-6971-9946,999-2091,山形県米沢市舘山1-1-13,株式会社ハル
磯崎 大治,いそざき たいじ,Isozaki Daiji,22,1999年08月06日,男,A,isozaki_86@example.org,03-1678-2927,050-9563-1027,196-8013,東京都大田区西六郷3丁目1番6号,株式会社マルシン
鈴木 桐子,すずき きりこ,Suzuki Kiriko,40,1981年04月05日,女,A,suzuki_kiriko@example.net,0257-79-3449,070-8578-1345,940-6694,新潟県新発田市中央町3-5-18,株式会社STYLE
松島 英治,まつしま えいじ,Matsushima Eiji,25,1996年09月28日,男,O,eiji_matsushima@example.jp,0137-89-6033,050-2979-2028,044-3448,北海道旭川市一条通1丁目3番4号,有限会社キューブ
宮本 貴文,みやもと たかふみ,Miyamoto Takafumi,50,1971年07月01日,男,O,miyamoto_71@example.ne.jp,03-3624-4059,070-9165-4903,189-0686,東京都豊島区池袋2-4-15,株式会社山崎工業
長谷川 隆浩,はせがわ たかひろ,Hasegawa Takahiro,32,1989年06月27日,男,A,hasegawa_takahiro@example.co.jp,0479-26-6366,070-5186-5999,302-1908,茨城県日立市会瀬町2-4-7,株式会社トーケン
山崎 昌希,やまざき まき,Yamazaki Masaki,35,1986年06月01日,男,O,yamazaki61@example.net,03-9780-8369,080-9017-9359,114-1304,東京都墨田区両国2-5-1004,株式会社キューブ
平川 秀一,ひらかわ しゅういち,Hirakawa Shuichi,49,1972年04月12日,その他・不明,O,hirakawashuichi@example.org,0536-96-2725,070-8211-5332,478-1698,愛知県刈谷市銀座3-3-15,有限会社ビクトリー
中村 英徳,なかむら ひでのり,Nakamura Hidenori,52,1969年02月14日,男,O,nakamurahidenori@example.org,06-5569-8319,070-9899-5454,569-7441,大阪府大阪市東住吉区中野2丁目3番9号,株式会社ヤマダ
横尾 綾子,よこお あやこ,Yokoo Ayako,66,1955年10月30日,女,A,yokooayako@example.jp,03-3758-1476,080-9788-9447,192-4095,東京都千代田区九段北3-4-22,
大神 未奈,おおがみ みな,Ogami Mina,23,1998年09月20日,女,A,ogamimina@example.co.jp,03-8248-5307,070-3325-3938,146-5535,東京都江東区東陽2丁目2番地7号,有限会社マックス
島田 亮平,しまだ りょうへい,Shimada Ryohei,67,1954年09月02日,男,A,ryoheishimada@example.net,0533-21-8889,070-4992-7682,449-5736,愛知県日進市竹の山2-2-15,
畔柳 薫,くろやなぎ かおる,Kuroyanagi Kaoru,55,1966年03月30日,男,B,kuroyanagikaoru@example.org,0460-88-8039,050-5222-9336,231-6648,神奈川県横浜市中区石川町3-1-904,
関 とも,せき とも,Seki Tomo,65,1956年09月03日,男,AB,seki93@example.com,03-0333-6411,070-8050-1544,131-6797,東京都練馬区氷川台2丁目3番10号,
深町 紘司,ふかまち ひろし,Fukamachi Koji,75,1946年05月29日,男,A,kojifukamachi@example.net,01634-9-7644,050-3452-4742,048-9000,北海道北見市東三輪2-3-12,
安達 直樹,あだち なおき,Adachi Naoki,66,1955年05月13日,男,O,adachi_naoki@example.ne.jp,03-9064-3882,070-9338-5052,134-0963,東京都港区南青山2丁目3番地3号,
佐藤 雅彦,さとう まさひこ,Sato Masahiko,69,1952年05月27日,男,O,sato_527@example.org,0557-08-0304,090-5718-4596,414-8002,静岡県静岡市葵区新富町1丁目3番9号,
国井 ひろ,くにい ひろ,Kunii Hiro,46,1975年05月18日,男,A,kuniihiro@example.org,03-1404-0441,080-6302-8512,125-2440,東京都渋谷区神宮前3-5-18,有限会社小林工業
上田 久美子,うえだ くみこ,Ueda Kumiko,27,1994年10月31日,女,O,uedakumiko@example.org,0133-48-9600,080-4291-5319,092-9087,北海道旭川市末広東一条1丁目2番4号,株式会社SSS
杉山 真理子,すぎやま まりこ,Sugiyama Mariko,62,1959年05月26日,女,B,sugiyamamariko@example.org,06-7166-7794,070-1048-4353,587-1658,大阪府大阪市中央区高麗橋1-1-1007,
藤原 悠樹,ふじわら ゆうき,Fujiwara Yuki,55,1966年01月13日,男,A,fujiwara_yuki@example.co.jp,0494-20-9738,080-1921-7040,337-5214,埼玉県さいたま市浦和区岸町3-4-22,株式会社和興
麻生 一朗,あそう いちろー,Aso Ichiro,39,1982年12月16日,男,B,aso_ichiro@example.net,0228-39-1649,050-2161-1549,987-3538,宮城県仙台市青葉区一番町4丁目3番地9号,有限会社アークス
櫻井 雅,さくらい まさし,Sakurai Masashi,75,1946年04月18日,男,O,sakurai418@example.jp,03-5696-6353,090-3776-9213,135-4060,東京都江東区大島2-4-8,
稲田 昭夫,いなだ あきお,Inada Akio,21,2000年11月12日,男,A,akioinada@example.ne.jp,0154-14-4263,080-1487-7504,075-0530,北海道帯広市西二十一条南1-2-5,株式会社共生
和田 知美,わだ さとみ,Wada Tomomi,75,1946年06月12日,女,O,wadatomomi@example.ne.jp,0495-00-9803,050-5647-2600,355-7989,埼玉県川口市並木2-4-5,
堀田 真喜子,ほった まきこ,Hotta Makiko,59,1962年01月16日,女,A,hotta116@example.net,03-1555-4986,090-7270-9658,209-5651,東京都中央区銀座3-1-19,株式会社キクチ
畠山 圭輔,はたけやま けいすけ,Hatakeyama Keisuke,38,1983年03月22日,男,B,hatakeyama322@example.net,0795-03-0175,090-1856-3469,653-3494,兵庫県神戸市中央区相生町1丁目3番3号,株式会社サカエ
橋本 真太郎,はしもと しんたろう,Hashimoto Shintaro,80,1941年05月27日,男,B,hashimoto_shintaro@example.com,06-6331-7711,050-7158-2131,555-4703,大阪府大阪市住吉区我孫子2-1-5,
佐藤 啓一,さとう けいいち,Sato Keiichi,41,1980年09月09日,男,B,keiichi_sato@example.co.jp,03-4746-1630,050-9138-6752,204-6522,東京都多摩市豊ヶ丘3丁目2番4号,株式会社ニシムラ
岡 幸子,おか さちこ,Oka Sachiko,68,1953年05月30日,女,A,okasachiko@example.co.jp,0846-80-0316,090-3062-5040,727-9104,広島県広島市東区曙3-4-5,
井上 貴大,いのうえ たかひろ,Inoue Takahiro,68,1953年04月14日,男,A,takahiroinoue@example.org,06-7430-5375,090-5119-5849,597-4818,大阪府大阪市都島区毛馬町3-4-19,
内山 太郎,うちやま たろう,Uchiyama Taro,41,1980年09月18日,男,O,taro_uchiyama@example.net,0561-67-6354,050-1297-3899,498-9516,愛知県名古屋市北区楠味鋺3丁目3番地4号,株式会社アドニス
安達 敦,あだち あつし,Adachi Atsushi,32,1989年06月18日,男,B,atsushiadachi@example.co.jp,0225-37-8734,050-6796-4618,981-7973,宮城県仙台市宮城野区榴岡3-1-16,株式会社アーバン
長沼 麻理,ながぬま まり,Naganuma Mari,51,1970年08月16日,女,B,marinaganuma@example.net,0977-99-2701,070-0234-1631,876-3046,大分県大分市横尾東町4丁目3番8号,有限会社大塚商店
伊藤 健,いとう けん,Ito Ken,72,1949年12月27日,男,O,itoken@example.com,03-8786-1439,090-1846-6465,177-6653,東京都江戸川区平井2-2-12,
長野 知秀,ながの ともひで,Nagano Tomohide,22,1999年04月15日,男,A,tomohidenagano@example.jp,0478-30-2173,070-2073-6261,271-4191,千葉県柏市光ケ丘3-4-11,株式会社クリア
平木 寛子,ひらき ひろこ,Hiraki Hiroko,42,1979年05月19日,女,A,hiroko_hiraki@example.org,06-0407-1838,090-3053-5948,566-7948,大阪府吹田市青山台1-1-10,株式会社サンエイ
梶尾 雄斗,かじお ゆうと,Kajio Yuto,77,1944年05月16日,男,A,kajio_yuto@example.ne.jp,01547-0-1220,070-6339-5221,052-0084,北海道札幌市中央区南十条西2-4-8,
小泉 麻衣子,こいずみ まいこ,Koizumi Maiko,64,1957年10月06日,女,B,koizumimaiko@example.jp,0827-92-1498,050-1215-2126,721-5068,広島県広島市佐伯区美鈴が丘東1-2-303,
近藤 真吾,こんどう しんご,Kondo Shingo,72,1949年08月10日,男,A,kondoshingo@example.ne.jp,0575-96-0793,080-3209-7675,505-0900,岐阜県関市鋳物師屋2丁目3番6号,
吉田 望,よしだ のぞみ,Yoshida Nozomi,52,1969年09月11日,男,A,yoshida911@example.co.jp,0226-66-1032,070-4100-4169,982-6574,宮城県名取市閖上1-2-13,株式会社サンアイ
山口 健,やまぐち けん,Yamaguchi Ken,54,1967年09月13日,男,O,kenyamaguchi@example.co.jp,0969-38-0152,050-6622-3646,868-4279,熊本県熊本市西区花園4丁目1番3号,株式会社アリア
安部 昌史,あべ まさし,Abe Masashi,48,1973年04月26日,男,AB,abe_masashi@example.ne.jp,046-545-7366,090-4723-2569,258-6356,神奈川県横浜市中区弁天通2丁目2番3号,有限会社ユニバース
門脇 真一,かどわき しんいち,Kadowaki Shinichi,47,1974年11月24日,男,O,kadowaki_1124@example.net,06-5619-8614,050-6615-5780,569-9174,大阪府豊中市北桜塚4丁目3番地9号,株式会社ゼロワン
宮本 大生,みやもと だいき,Miyamoto Daiki,74,1947年10月26日,男,A,daikimiyamoto@example.ne.jp,06-4336-3032,080-5553-3550,554-0588,大阪府大阪市東淀川区東中島1-3-501,
石井 祐樹,いしい ゆうき,Ishii Yuki,33,1988年01月23日,男,A,ishii_123@example.co.jp,0567-01-9243,050-6313-9998,494-7824,愛知県一宮市三ツ井2-1-705,有限会社小林商会
松木 小太郎,まつき こたろう,Matsuki Kotaro,80,1941年07月01日,男,O,matsuki71@example.co.jp,0894-99-0179,070-1941-7944,791-9883,愛媛県松山市古三津1丁目2番地8号,
竹内 優一,たけうち ゆういち,Takeuchi Yuichi,43,1978年10月01日,男,O,takeuchiyuichi@example.net,06-3664-7068,080-8439-2617,589-0892,大阪府阪南市舞1丁目2番地5号,株式会社信栄
榎本 誠,えのもと まこと,Enomoto Makoto,80,1941年03月28日,男,B,enomoto328@example.co.jp,03-3017-7621,050-2480-4423,101-9136,東京都世田谷区上北沢3-2-20,
遠藤 絵美,えんどう えみ,Endo Emi,46,1975年12月29日,女,A,endo_emi@example.co.jp,0224-54-1622,050-1500-6087,989-7867,宮城県仙台市宮城野区東仙台1丁目2番8号,有限会社竹内商店
内田 貴志,うちだ たかし,Uchida Takashi,38,1983年01月30日,男,A,uchidatakashi@example.jp,0768-84-7075,080-1654-4015,921-6233,石川県金沢市久安1-1-3,有限会社山本建設
吉田 浩,よしだ ひろし,Yoshida Hiroshi,43,1978年05月31日,男,A,yoshida531@example.ne.jp,0565-92-7022,080-1715-1287,489-9519,愛知県名古屋市千種区赤坂町2-1-802,有限会社ワイズコーポレーション
西山 亜矢子,にしやま あやこ,Nishiyama Ayako,50,1971年05月05日,女,O,nishiyama55@example.jp,096-171-5453,070-0703-1877,860-9396,熊本県熊本市東区尾ノ上3丁目1番4号,株式会社フリーダム
稲村 千佳,いなむら ちか,Inamura Chika,44,1977年06月02日,女,A,inamura_62@example.jp,0285-39-7224,070-5572-2459,321-9933,栃木県宇都宮市インターパーク3丁目2番9号,株式会社アライズ
藤崎 千春,ふじさき ちはる,Fujisaki Chiharu,64,1957年08月29日,女,O,chiharu_fujisaki@example.ne.jp,0465-60-4506,070-7284-3639,214-7239,神奈川県川崎市幸区塚越3丁目3番9号,
中川 誠一,なかがわ せいいち,Nakagawa Seiichi,79,1942年08月23日,男,O,seiichi_nakagawa@example.co.jp,03-2836-7177,050-5205-9747,149-4650,東京都立川市砂川町3-3-15,
吉村 洋,よしむら ひろし,Yoshimura Hiroshi,35,1986年03月17日,男,B,yoshimura_hiroshi@example.jp,06-9703-1899,050-0451-8151,572-1907,大阪府大阪市西区南堀江2-4-17,有限会社アピア
高尾 勇作,たかお ゆうさく,Takao Yusaku,36,1985年08月12日,男,O,takao_yusaku@example.com,0467-43-1675,090-2316-2688,215-2917,神奈川県相模原市緑区城山3-2-903,株式会社ループ
山本 靖,やまもと やすし,Yamamoto Yasushi,36,1985年04月23日,男,O,yamamotoyasushi@example.ne.jp,093-128-5029,070-8246-7964,838-2812,福岡県北九州市小倉北区京町3丁目1番地10号,有限会社レインボー
森下 真奈美,もりした まなみ,Morishita Manami,66,1955年11月16日,女,O,morishita1116@example.co.jp,0797-28-5100,090-1652-8120,669-4803,兵庫県神戸市中央区中山手通3-2-802,
柳沼 雅也,やぎぬま まさや,Yaginuma Masaya,61,1960年10月15日,男,O,yaginuma1015@example.jp,03-4120-1686,090-4158-1932,188-9501,東京都港区六本木4丁目3番6号,
中村 和範,なかむら かずのり,Nakamura Kazunori,43,1978年10月23日,男,A,nakamurakazunori@example.jp,03-6916-7133,080-8980-0346,135-2950,東京都世田谷区中町3-4-6,有限会社ヤマグチ
木下 浩治,きのした こうじ,Kinoshita Koji,79,1942年03月28日,男,AB,kinoshita_328@example.org,082-645-5595,070-2859-2233,720-1283,広島県広島市安佐南区山本2-3-3,
海老根 静香,えびね しずか,Ebine Shizuka,34,1987年06月21日,女,O,ebine_621@example.jp,0467-14-4227,080-0912-3425,258-6872,神奈川県川崎市高津区久地1丁目1番5号,
天野 淳史,あまの あつし,Amano Atsushi,62,1959年02月20日,男,B,atsushi_amano@example.ne.jp,098-510-2738,050-6774-7516,909-6319,沖縄県沖縄市高原2-2-6,
吉本 隆二,よしもと りゅうじ,Yoshimoto Ryuji,42,1979年04月27日,男,A,yoshimoto_427@example.net,0790-70-5148,080-9069-4807,661-6622,兵庫県神戸市灘区船寺通1-3-12,有限会社金子商店
高村 誠司,たかむら せいじ,Takamura Seiji,79,1943年01月02日,男,A,takamura_12@example.co.jp,03-9183-2361,070-3954-1702,201-0854,東京都江東区豊洲3丁目1番6号,
伊藤 将士,いとう まさし,Ito Masashi,57,1964年10月25日,男,O,masashi_ito@example.ne.jp,06-3496-3868,080-4043-7694,558-2617,大阪府門真市島頭3-5-709,有限会社レックス
鈴木 治代,すずき はるよ,Suzuki Haruyo,71,1950年07月26日,女,A,suzukiharuyo@example.net,0158-18-1068,080-9768-6888,065-1756,北海道札幌市東区北三十三条東4丁目2番地5号,
永山 麻美,ながやま あさみ,Nagayama Asami,36,1985年07月19日,女,A,nagayamaasami@example.org,0767-54-1238,080-6344-6014,925-7224,石川県金沢市窪2丁目3番地7号,有限会社木村商会
小島 俊一,こじま しゅんいち,Kojima Shunichi,38,1983年03月30日,男,O,shunichi_kojima@example.com,03-4020-3063,080-4004-8171,191-4665,東京都渋谷区代々木3丁目1番地7号,株式会社アート
森川 英夫,もりかわ ひでお,Morikawa Hideo,75,1946年04月12日,男,B,morikawahideo@example.co.jp,03-4089-1907,070-9191-9234,187-3259,東京都新宿区新宿1-4-5,
筒井 英一,つつい えいいち,Tsutsui Eiichi,27,1994年02月01日,男,A,tsutsui_21@example.ne.jp,03-3766-2875,090-8317-4275,162-5432,東京都渋谷区恵比寿3-5-16,株式会社ユナイテッド
高橋 真太郎,たかはし しんたろう,Takahashi Shintaro,51,1970年01月07日,男,B,takahashi17@example.net,0848-54-4258,090-7920-3220,722-0288,広島県広島市中区大手町1丁目2番地3号,株式会社リバース
安川 昌子,やすかわ まさこ,Yasukawa Masako,75,1946年07月19日,女,O,yasukawa_719@example.ne.jp,03-9832-4420,090-0766-7665,176-4938,東京都葛飾区新小岩1丁目1番8号,
森崎 真吾,もりさき しんご,Morisaki Shingo,22,1999年08月27日,男,A,shingo_morisaki@example.net,03-1710-1146,080-3209-0246,129-4623,東京都港区南青山3-3-1004,株式会社カノン
松本 智子,まつもと ともこ,Matsumoto Tomoko,65,1956年06月21日,女,B,tomoko_matsumoto@example.jp,06-0929-6356,070-0500-4900,558-7272,大阪府大阪市平野区加美北3丁目3番5号,
小島 薫,こじま かおる,Kojima Kaoru,35,1986年01月13日,その他・不明,A,kaorukojima@example.ne.jp,03-3191-1679,050-2331-1701,149-7789,東京都杉並区荻窪1-3-3,有限会社アステック
山本 郁雄,やまもと いくお,Yamamoto Ikuo,45,1976年03月07日,男,B,ikuo_yamamoto@example.co.jp,0982-35-8325,080-8359-1067,886-7601,宮崎県宮崎市東大宮1丁目3番3号,有限会社松田商店
前谷 武尊,まえたに たける,Maetani Takeru,35,1986年02月03日,その他・不明,O,takeru_maetani@example.net,03-1745-4879,050-2879-1649,141-0894,東京都墨田区八広1-2-709,株式会社聖
石井 秀人,いしい ひでひと,Ishii Hideto,75,1946年03月23日,男,A,ishii_323@example.com,03-5992-9938,070-6827-3504,102-6646,東京都港区南青山1丁目2番9号,
竹内 沙織,たけうち さおり,Takeuchi Saori,46,1975年04月13日,女,B,saori_takeuchi@example.com,03-6491-2530,090-1289-6811,109-5459,東京都世田谷区上馬3丁目3番8号,有限会社大野屋
内田 賢史,うちだ たかふみ,Uchida Satoshi,69,1952年09月19日,男,B,satoshiuchida@example.jp,03-4792-2950,070-2009-5622,145-3653,東京都練馬区大泉町1-3-22,
秋野 恵子,あきの けいこ,Akino Keiko,46,1975年02月04日,その他・不明,B,akino24@example.com,0943-08-0747,090-1550-7706,836-3116,福岡県久留米市宮ノ陣1-2-13,株式会社大地
松本 洋一,まつもと よういち,Matsumoto Yoichi,60,1961年05月29日,男,B,matsumoto529@example.com,0798-75-2654,050-9981-5547,670-9240,兵庫県神戸市灘区永手町3丁目2番4号,
美馬 史子,みま ふみこ,Mima Fumiko,65,1956年06月17日,女,O,fumikomima@example.com,03-0770-4146,070-2093-6955,132-9825,東京都千代田区麹町1-5-402,
村田 耕一,むらた こういち,Murata Koichi,60,1961年07月16日,男,O,koichimurata@example.com,0575-72-6736,090-0001-7788,500-1199,岐阜県大垣市赤坂新町2-3-409,
長谷川 健一郎,はせがわ けんいちろう,Hasegawa Kenichiro,32,1989年12月16日,男,A,hasegawa1216@example.co.jp,0824-44-5354,090-3741-4239,731-9406,広島県広島市南区宇品神田1-4-17,株式会社アドバンス
小野 鈴子,おの すずこ,Ono Suzuko,50,1971年04月25日,女,O,onosuzuko@example.com,0563-78-0494,080-8851-6110,492-9610,愛知県名古屋市南区呼続1-4-801,株式会社ステップワン
弓削 雅恵,ゆげ まさえ,Yuge Masae,21,2000年07月29日,女,B,yuge_729@example.org,03-9511-6516,090-8688-5952,186-2028,東京都江戸川区北葛西4丁目2番10号,鈴木産業株式会社
近藤 学,こんどう まなぶ,Kondo Manabu,70,1951年05月03日,男,A,kondomanabu@example.jp,0235-32-2722,090-4494-7414,997-2237,山形県米沢市中央1-5-19,
江田 美和,えだ みわ,Eda Miwa,42,1979年07月02日,女,O,edamiwa@example.net,03-2454-8249,090-6106-3287,177-0241,東京都千代田区麹町3丁目3番地9号,株式会社夢
吉田 譲二,よしだ じょうじ,Yoshida Joji,52,1969年04月04日,男,A,yoshida44@example.com,0940-35-5970,090-5458-9309,834-6645,福岡県北九州市小倉南区横代北町1丁目2番地4号,株式会社扇屋
宮本 里美,みやもと さとみ,Miyamoto Satomi,25,1996年02月22日,女,B,satomimiyamoto@example.jp,0436-86-2719,070-4893-2029,266-3513,千葉県船橋市海神2-1-18,株式会社サンシステム
赤木 希,あかぎ のぞみ,Akagi Nozomi,46,1975年11月19日,女,A,nozomiakagi@example.net,09496-1-1121,080-2035-1110,804-9642,福岡県福岡市早良区干隈2丁目2番地8号,株式会社ファルコン
井上 玲子,いのうえ れいこ,Inoue Reiko,60,1961年12月13日,女,A,inoue_1213@example.net,0767-07-7837,050-4118-2669,921-4018,石川県金沢市大野町2丁目3番3号,
吉見 綾乃,よしみ あやの,Yoshimi Ayano,64,1957年03月14日,女,A,ayano_yoshimi@example.org,03-6915-3908,080-7999-7755,147-5741,東京都練馬区春日町2-5-603,
安藤 有希,あんどう ゆき,Ando Yuki,76,1945年09月13日,その他・不明,O,andoyuki@example.co.jp,06-2343-3510,090-3819-1573,588-6816,大阪府大阪市淀川区西中島1-2-18,
古屋 靖久,ふるや やすひさ,Furuya Yasuhisa,58,1963年07月06日,男,O,furuya76@example.org,0154-19-3348,080-3412-2619,091-9339,北海道札幌市西区発寒十三条3-2-1001,有限会社近藤製作所
細田 尚,ほそだ なお,Hosoda Takashi,53,1968年07月19日,男,O,takashi_hosoda@example.jp,076-276-4672,050-6289-6260,936-6315,富山県富山市蓮町3丁目2番地9号,
岡田 直人,おかだ なおと,Okada Naoto,35,1986年02月12日,男,O,okada_212@example.ne.jp,03-2683-3261,050-9745-3217,201-9496,東京都中央区銀座4丁目2番地8号,有限会社アルファ
宮沢 理,みやざわ みち,Miyazawa Osamu,80,1941年10月25日,男,A,miyazawaosamu@example.ne.jp,03-9067-7629,090-4308-5712,198-0577,東京都港区芝浦3-3-1203,
水口 美穂,みずぐち みほ,Mizuguchi Miho,65,1956年09月08日,女,A,mizuguchi_miho@example.org,03-0474-3321,070-2560-3820,197-5901,東京都墨田区両国3-1-22,
吉田 信介,よしだ しんすけ,Yoshida Shinsuke,37,1984年01月17日,男,AB,shinsuke_yoshida@example.com,03-5857-2685,050-3351-6963,197-6910,東京都中野区中央4丁目2番7号,株式会社ナカムラ
井出 延之,いで のぶゆき,Ide Nobuyuki,80,1941年02月18日,男,O,nobuyukiide@example.ne.jp,03-6607-9695,070-3538-9059,103-6596,東京都目黒区八雲3-1-14,
小島 みなこ,こじま みなこ,Kojima Minako,62,1959年09月26日,女,B,kojima_minako@example.co.jp,046-403-7942,050-3137-9679,238-5074,神奈川県横須賀市東逸見町1-1-308,
津久井 未来,つくい みき,Tsukui Miku,68,1953年11月13日,女,O,tsukui1113@example.net,03-9294-6954,090-2118-9800,102-8324,東京都新宿区西新宿1-3-906,
川島 久,かわしま ひさし,Kawashima Hisashi,59,1962年06月20日,男,O,kawashima_620@example.jp,044-408-1736,080-5547-5149,232-2526,神奈川県横浜市鶴見区鶴見中央3-2-1001,株式会社ファミーユ
白石 裕一,しらいし ゆういち,Shiraishi Yuichi,45,1976年03月23日,男,A,shiraishi323@example.jp,0797-49-0713,050-1509-6727,668-7714,兵庫県神戸市兵庫区塚本通1-4-19,株式会社和
佐々木 良一,ささき りょう,Sasaki Ryoichi,62,1959年09月17日,男,B,sasaki917@example.ne.jp,04-2526-5003,070-8911-5770,335-8498,埼玉県川口市青木3丁目3番6号,
依田 弘,よだ ひろし,Yoda Hiroshi,79,1942年12月25日,男,A,hiroshi_yoda@example.com,03-7512-0276,070-7448-1040,130-0699,東京都品川区東品川1-2-1105,
甲斐 紗季,かい さき,Kai Saki,72,1949年03月09日,女,O,kai_39@example.com,0796-00-2297,080-0912-2911,677-1596,兵庫県神戸市中央区八幡通3-1-9,
森田 圭,もりた けい,Morita Kei,62,1959年06月15日,男,B,morita_615@example.com,03-4067-6434,070-6437-0942,129-1259,東京都調布市深大寺北町3-4-5,
住吉 雄介,すみよし ゆうすけ,Sumiyoshi Yusuke,52,1969年07月12日,男,O,sumiyoshi_712@example.org,0985-56-8077,070-9455-9734,885-8629,宮崎県都城市鷹尾1丁目1番地9号,
小宮山 まどか,こみやま まどか,Komiyama Madoka,25,1996年05月20日,女,A,komiyama520@example.jp,0145-02-0582,050-8506-2531,065-5530,北海道札幌市白石区米里一条2丁目2番地8号,
小川 泰雄,おがわ やすお,Ogawa Yasuo,36,1985年11月21日,男,A,ogawayasuo@example.jp,03-7646-1391,050-8490-1081,141-1279,東京都江戸川区大杉4丁目2番7号,株式会社リベロ
赤間 舞子,あかま まいこ,Akama Maiko,47,1974年10月24日,女,B,akamamaiko@example.jp,03-9892-8171,070-2809-2425,106-2945,東京都練馬区大泉学園町4丁目3番10号,有限会社シーズ
石川 健夫,いしかわ たけお,Ishikawa Takeo,37,1984年07月01日,男,A,ishikawa_takeo@example.org,06-8200-5405,090-6837-8048,547-6646,大阪府泉南市男里3丁目2番7号,株式会社ファイブスター
西村 靖彦,にしむら やすひこ,Nishimura Yasuhiko,57,1964年07月31日,男,A,nishimura_731@example.com,06-5117-7842,080-0885-3631,547-1559,大阪府吹田市佐竹台2-2-405,株式会社朝日
杉山 周平,すぎやま しゅうへい,Sugiyama Shuhei,58,1963年03月12日,男,A,sugiyamashuhei@example.ne.jp,049-708-6726,080-4013-7530,367-0456,埼玉県越谷市南越谷1-4-7,有限会社ネクサス
野村 拓也,のむら たくや,Nomura Takuya,53,1969年01月03日,男,B,nomuratakuya@example.jp,03-9824-2355,080-0448-6303,176-8757,東京都世田谷区上馬2-4-10,株式会社アーム
岡村 周三,おかむら しゅうぞう,Okamura Shuzo,52,1969年05月20日,男,O,shuzo_okamura@example.org,052-955-4052,070-7885-1519,471-7412,愛知県名古屋市北区楠3丁目2番6号,
鈴木 友梨香,すずき ゆりか,Suzuki Yurika,79,1942年12月20日,女,A,suzuki1220@example.com,03-3059-7841,050-7501-2427,158-1120,東京都練馬区東大泉1丁目2番地5号,
渡邉 ゆり,わたなべ ゆり,Watanabe Yuri,40,1981年11月21日,女,O,yuriwatanabe@example.co.jp,03-7548-9997,090-5570-7423,197-4040,東京都世田谷区駒沢2-3-407,株式会社ライジング
酒井 耕治,さかい こうじ,Sakai Koji,56,1965年01月21日,男,B,kojisakai@example.co.jp,0466-79-6066,070-4606-4139,248-1517,神奈川県横浜市鶴見区矢向1-2-21,有限会社あけぼの
今野 杏奈,こんの あんな,Konno Anna,27,1994年11月23日,女,AB,annakonno@example.com,0466-11-6874,090-9653-7803,254-5044,神奈川県横浜市港北区樽町2丁目1番地3号,株式会社大誠
松倉 優,まつくら ゆう,Matsukura Yu,31,1990年07月28日,女,B,matsukura_yu@example.com,0156-01-7136,080-8134-0362,096-3771,北海道札幌市中央区北九条西1丁目1番6号,株式会社椿
山嵜 亜衣,やまざき あい,Yamazaki Ai,78,1943年04月19日,女,O,yamazaki_419@example.co.jp,06-1842-2004,070-5088-3949,550-7401,大阪府東大阪市横小路町2丁目3番5号,
三井 佳菜子,みつい かなこ,Mitsui Kanako,21,2000年08月01日,女,AB,mitsui81@example.net,03-9475-8321,080-5830-2142,113-8845,東京都世田谷区用賀3丁目3番3号,株式会社ユニテック
明石 洋史,あかし ひろふみ,Akashi Hiroshi,41,1980年05月14日,男,B,akashi_hiroshi@example.ne.jp,06-6455-9055,070-0267-1057,579-7979,大阪府八尾市本町2-5-15,株式会社ダイイチ
米田 由紀子,よねだ ゆきこ,Yoneda Yukiko,67,1954年06月11日,女,O,yonedayukiko@example.jp,0749-66-0590,090-2842-6505,524-8822,滋賀県大津市大江2-1-14,
大平 慎一,おおひら しんいち,Ohira Shinichi,80,1941年01月06日,男,O,shinichiohira@example.co.jp,0439-02-8930,070-1152-1662,282-1398,千葉県市川市福栄4丁目2番地8号,
宇井 明日香,うい あすか,Ui Asuka,54,1967年11月17日,女,O,uiasuka@example.net,0438-99-7332,080-0049-8037,289-0428,千葉県市川市塩浜3-4-11,株式会社WIN
村上 徹弥,むらかみ てつや,Murakami Tetsuya,37,1984年01月25日,男,O,murakami_125@example.jp,044-175-7414,050-7218-0331,237-2699,神奈川県相模原市南区麻溝台4丁目2番5号,株式会社アトラス
梅田 光博,うめだ みつひろ,Umeda Mitsuhiro,41,1980年08月21日,男,O,umedamitsuhiro@example.org,09496-6-2055,080-4030-5910,800-5611,福岡県糟屋郡志免町志免中央3丁目3番地3号,株式会社ワタナベ
片桐 恵里,かたぎり えり,Katagiri Eri,79,1942年01月08日,女,O,katagiri_18@example.com,0466-11-2047,050-5658-5052,254-4316,神奈川県横浜市旭区若葉台2-5-8,
齋藤 知子,さいとう ともこ,Saito Tomoko,58,1963年03月23日,女,A,saitotomoko@example.org,03-0556-3553,050-8393-5298,190-9252,東京都目黒区目黒2丁目1番地7号,株式会社アイ
